id_config_materiau;id_config_calcul;statut;horodatage_iso
MAT_6d8bd866;SOLIVE_HAB_600;calcule;2026-04-01T20:19:55
MAT_6d8bd866;PANNE_TOITURE_C24;calcule;2026-04-01T20:19:55
MAT_748238e9;SOLIVE_HAB_600;calcule;2026-04-01T20:19:55
MAT_748238e9;PANNE_TOITURE_C24;calcule;2026-04-01T20:19:55
MAT_0ba2d861;SOLIVE_HAB_600;calcule;2026-04-01T20:19:55
MAT_0ba2d861;PANNE_TOITURE_C24;calcule;2026-04-01T20:19:55
MAT_84857a09;SOLIVE_HAB_600;calcule;2026-04-01T20:19:55
MAT_84857a09;PANNE_TOITURE_C24;calcule;2026-04-01T20:19:55
MAT_fef21610;SOLIVE_HAB_600;calcule;2026-04-01T20:19:55
MAT_fef21610;PANNE_TOITURE_C24;calcule;2026-04-01T20:19:55
MAT_17f3ed96;SOLIVE_HAB_600;calcule;2026-04-01T20:19:55
MAT_17f3ed96;PANNE_TOITURE_C24;calcule;2026-04-01T20:19:55
MAT_49f8d3f2;SOLIVE_HAB_600;calcule;2026-04-01T20:19:55
MAT_49f8d3f2;PANNE_TOITURE_C24;calcule;2026-04-01T20:19:55
MAT_0099110a;SOLIVE_HAB_600;calcule;2026-04-01T20:19:56
MAT_0099110a;PANNE_TOITURE_C24;calcule;2026-04-01T20:19:56
MAT_05cdedae;SOLIVE_HAB_600;calcule;2026-04-01T20:19:56
MAT_05cdedae;PANNE_TOITURE_C24;calcule;2026-04-01T20:19:56
MAT_c3019ab7;SOLIVE_HAB_600;calcule;2026-04-01T20:19:56
MAT_c3019ab7;PANNE_TOITURE_C24;calcule;2026-04-01T20:19:56
MAT_f3e0eac5;SOLIVE_HAB_600;calcule;2026-04-01T20:19:56
MAT_f3e0eac5;PANNE_TOITURE_C24;calcule;2026-04-01T20:19:56
MAT_2b013bb4;SOLIVE_HAB_600;calcule;2026-04-01T20:19:56
MAT_2b013bb4;PANNE_TOITURE_C24;calcule;2026-04-01T20:19:56
MAT_2349d6bd;SOLIVE_HAB_600;calcule;2026-04-01T20:19:56
MAT_2349d6bd;PANNE_TOITURE_C24;calcule;2026-04-01T20:19:56
MAT_aede142b;SOLIVE_HAB_600;calcule;2026-04-01T20:19:56
MAT_aede142b;PANNE_TOITURE_C24;calcule;2026-04-01T20:19:56
MAT_ecfd4c5f;SOLIVE_HAB_600;calcule;2026-04-01T20:19:56
MAT_ecfd4c5f;PANNE_TOITURE_C24;calcule;2026-04-01T20:19:56
MAT_aff581b7;SOLIVE_HAB_600;calcule;2026-04-01T20:19:56
MAT_aff581b7;PANNE_TOITURE_C24;calcule;2026-04-01T20:19:56
MAT_7f4fd05b;SOLIVE_HAB_600;calcule;2026-04-01T20:19:56
MAT_7f4fd05b;PANNE_TOITURE_C24;calcule;2026-04-01T20:19:56
MAT_dcc8f6ac;SOLIVE_HAB_600;calcule;2026-04-01T20:19:56
MAT_dcc8f6ac;PANNE_TOITURE_C24;calcule;2026-04-01T20:19:56
MAT_a4b39cbb;SOLIVE_HAB_600;calcule;2026-04-01T20:19:56
MAT_a4b39cbb;PANNE_TOITURE_C24;calcule;2026-04-01T20:19:56
MAT_e9cd8d0a;SOLIVE_HAB_600;calcule;2026-04-01T20:19:56
MAT_e9cd8d0a;PANNE_TOITURE_C24;calcule;2026-04-01T20:19:56
MAT_3b86697c;SOLIVE_HAB_600;calcule;2026-04-01T20:19:56
MAT_3b86697c;PANNE_TOITURE_C24;calcule;2026-04-01T20:19:56
MAT_0ba78810;SOLIVE_HAB_600;calcule;2026-04-01T20:19:56
MAT_0ba78810;PANNE_TOITURE_C24;calcule;2026-04-01T20:19:56
MAT_8bac6fe6;SOLIVE_HAB_600;calcule;2026-04-01T20:19:56
MAT_8bac6fe6;PANNE_TOITURE_C24;calcule;2026-04-01T20:19:56
MAT_3f8e922e;SOLIVE_HAB_600;calcule;2026-04-01T20:19:56
MAT_3f8e922e;PANNE_TOITURE_C24;calcule;2026-04-01T20:19:56
MAT_463c3b46;SOLIVE_HAB_600;calcule;2026-04-01T20:19:56
MAT_463c3b46;PANNE_TOITURE_C24;calcule;2026-04-01T20:19:56
MAT_87d04de8;SOLIVE_HAB_600;calcule;2026-04-01T20:19:56
MAT_87d04de8;PANNE_TOITURE_C24;calcule;2026-04-01T20:19:56
MAT_da3e752c;SOLIVE_HAB_600;calcule;2026-04-01T20:19:56
MAT_da3e752c;PANNE_TOITURE_C24;calcule;2026-04-01T20:19:56
MAT_a00c8040;SOLIVE_HAB_600;calcule;2026-04-01T20:19:56
MAT_a00c8040;PANNE_TOITURE_C24;calcule;2026-04-01T20:19:56
MAT_a3c54c69;SOLIVE_HAB_600;calcule;2026-04-01T20:19:56
MAT_a3c54c69;PANNE_TOITURE_C24;calcule;2026-04-01T20:19:56
MAT_b9c609db;SOLIVE_HAB_600;calcule;2026-04-01T20:19:56
MAT_b9c609db;PANNE_TOITURE_C24;calcule;2026-04-01T20:19:56
MAT_8e971be1;SOLIVE_HAB_600;calcule;2026-04-01T20:19:56
MAT_8e971be1;PANNE_TOITURE_C24;calcule;2026-04-01T20:19:56
MAT_fe738fc0;SOLIVE_HAB_600;calcule;2026-04-01T20:19:56
MAT_fe738fc0;PANNE_TOITURE_C24;calcule;2026-04-01T20:19:56
MAT_a918a319;SOLIVE_HAB_600;calcule;2026-04-01T20:19:56
MAT_a918a319;PANNE_TOITURE_C24;calcule;2026-04-01T20:19:56
MAT_ea8906ca;SOLIVE_HAB_600;calcule;2026-04-01T20:19:56
MAT_ea8906ca;PANNE_TOITURE_C24;calcule;2026-04-01T20:19:56
MAT_5708206f;SOLIVE_HAB_600;calcule;2026-04-01T20:19:56
MAT_5708206f;PANNE_TOITURE_C24;calcule;2026-04-01T20:19:56
MAT_26a0524a;SOLIVE_HAB_600;calcule;2026-04-01T20:19:56
MAT_26a0524a;PANNE_TOITURE_C24;calcule;2026-04-01T20:19:56
MAT_88affbe0;SOLIVE_HAB_600;calcule;2026-04-01T20:19:56
MAT_88affbe0;PANNE_TOITURE_C24;calcule;2026-04-01T20:19:56
MAT_2a9a7f70;SOLIVE_HAB_600;calcule;2026-04-01T20:19:56
MAT_2a9a7f70;PANNE_TOITURE_C24;calcule;2026-04-01T20:19:56
MAT_6f3afebb;SOLIVE_HAB_600;calcule;2026-04-01T20:19:56
MAT_6f3afebb;PANNE_TOITURE_C24;calcule;2026-04-01T20:19:56
MAT_065aa3ee;SOLIVE_HAB_600;calcule;2026-04-01T20:19:56
MAT_065aa3ee;PANNE_TOITURE_C24;calcule;2026-04-01T20:19:56
MAT_b12851a2;SOLIVE_HAB_600;calcule;2026-04-01T20:19:56
MAT_b12851a2;PANNE_TOITURE_C24;calcule;2026-04-01T20:19:56
MAT_189c6e6d;SOLIVE_HAB_600;calcule;2026-04-01T20:19:56
MAT_189c6e6d;PANNE_TOITURE_C24;calcule;2026-04-01T20:19:56
MAT_da9af91a;SOLIVE_HAB_600;calcule;2026-04-01T20:19:56
MAT_da9af91a;PANNE_TOITURE_C24;calcule;2026-04-01T20:19:56
MAT_ebb9564f;SOLIVE_HAB_600;calcule;2026-04-01T20:19:56
MAT_ebb9564f;PANNE_TOITURE_C24;calcule;2026-04-01T20:19:56
MAT_281f234f;SOLIVE_HAB_600;calcule;2026-04-01T20:19:56
MAT_281f234f;PANNE_TOITURE_C24;calcule;2026-04-01T20:19:56
MAT_d5267100;SOLIVE_HAB_600;calcule;2026-04-01T20:19:56
MAT_d5267100;PANNE_TOITURE_C24;calcule;2026-04-01T20:19:56
MAT_96b3ed1b;SOLIVE_HAB_600;calcule;2026-04-01T20:19:56
MAT_96b3ed1b;PANNE_TOITURE_C24;calcule;2026-04-01T20:19:56
MAT_48835087;SOLIVE_HAB_600;calcule;2026-04-01T20:19:56
MAT_48835087;PANNE_TOITURE_C24;calcule;2026-04-01T20:19:56
MAT_ef9c7d3d;SOLIVE_HAB_600;calcule;2026-04-01T20:19:56
MAT_ef9c7d3d;PANNE_TOITURE_C24;calcule;2026-04-01T20:19:56
MAT_235d0ee3;SOLIVE_HAB_600;calcule;2026-04-01T20:19:56
MAT_235d0ee3;PANNE_TOITURE_C24;calcule;2026-04-01T20:19:56
MAT_440bff0a;SOLIVE_HAB_600;calcule;2026-04-01T20:19:56
MAT_440bff0a;PANNE_TOITURE_C24;calcule;2026-04-01T20:19:56
MAT_c2dfc37f;SOLIVE_HAB_600;calcule;2026-04-01T20:19:56
MAT_c2dfc37f;PANNE_TOITURE_C24;calcule;2026-04-01T20:19:56
MAT_91d88811;SOLIVE_HAB_600;calcule;2026-04-01T20:19:56
MAT_91d88811;PANNE_TOITURE_C24;calcule;2026-04-01T20:19:56
MAT_93e99f45;SOLIVE_HAB_600;calcule;2026-04-01T20:19:56
MAT_93e99f45;PANNE_TOITURE_C24;calcule;2026-04-01T20:19:56
MAT_9ff50609;SOLIVE_HAB_600;calcule;2026-04-01T20:19:56
MAT_9ff50609;PANNE_TOITURE_C24;calcule;2026-04-01T20:19:56
MAT_3bffea3f;SOLIVE_HAB_600;calcule;2026-04-01T20:19:56
MAT_3bffea3f;PANNE_TOITURE_C24;calcule;2026-04-01T20:19:56
MAT_6d059032;SOLIVE_HAB_600;calcule;2026-04-01T20:19:56
MAT_6d059032;PANNE_TOITURE_C24;calcule;2026-04-01T20:19:56
MAT_9ed22d71;SOLIVE_HAB_600;calcule;2026-04-01T20:19:56
MAT_9ed22d71;PANNE_TOITURE_C24;calcule;2026-04-01T20:19:56
MAT_bddd4a1b;SOLIVE_HAB_600;calcule;2026-04-01T20:19:56
MAT_bddd4a1b;PANNE_TOITURE_C24;calcule;2026-04-01T20:19:56
MAT_4487378e;SOLIVE_HAB_600;calcule;2026-04-01T20:19:56
MAT_4487378e;PANNE_TOITURE_C24;calcule;2026-04-01T20:19:56
MAT_c87ca038;SOLIVE_HAB_600;calcule;2026-04-01T20:19:56
MAT_c87ca038;PANNE_TOITURE_C24;calcule;2026-04-01T20:19:56
MAT_d2208e2e;SOLIVE_HAB_600;calcule;2026-04-01T20:19:56
MAT_d2208e2e;PANNE_TOITURE_C24;calcule;2026-04-01T20:19:56
MAT_d3b8a571;SOLIVE_HAB_600;calcule;2026-04-01T20:19:56
MAT_d3b8a571;PANNE_TOITURE_C24;calcule;2026-04-01T20:19:56
MAT_7527b112;SOLIVE_HAB_600;calcule;2026-04-01T20:19:56
MAT_7527b112;PANNE_TOITURE_C24;calcule;2026-04-01T20:19:57
MAT_a1f2b576;SOLIVE_HAB_600;calcule;2026-04-01T20:19:57
MAT_a1f2b576;PANNE_TOITURE_C24;calcule;2026-04-01T20:19:57
MAT_d0737c14;SOLIVE_HAB_600;calcule;2026-04-01T20:19:57
MAT_d0737c14;PANNE_TOITURE_C24;calcule;2026-04-01T20:19:57
MAT_6965ec6a;SOLIVE_HAB_600;calcule;2026-04-01T20:19:57
MAT_6965ec6a;PANNE_TOITURE_C24;calcule;2026-04-01T20:19:57
MAT_945e808c;SOLIVE_HAB_600;calcule;2026-04-01T20:19:57
MAT_945e808c;PANNE_TOITURE_C24;calcule;2026-04-01T20:19:57
MAT_67f6fbbd;SOLIVE_HAB_600;calcule;2026-04-01T20:19:57
MAT_67f6fbbd;PANNE_TOITURE_C24;calcule;2026-04-01T20:19:57
MAT_e5027c38;SOLIVE_HAB_600;calcule;2026-04-01T20:19:57
MAT_e5027c38;PANNE_TOITURE_C24;calcule;2026-04-01T20:19:57
MAT_4e5f6cee;SOLIVE_HAB_600;calcule;2026-04-01T20:19:57
MAT_4e5f6cee;PANNE_TOITURE_C24;calcule;2026-04-01T20:19:57
MAT_4af6d6fb;SOLIVE_HAB_600;calcule;2026-04-01T20:19:57
MAT_4af6d6fb;PANNE_TOITURE_C24;calcule;2026-04-01T20:19:57
MAT_cd44ac45;SOLIVE_HAB_600;calcule;2026-04-01T20:19:57
MAT_cd44ac45;PANNE_TOITURE_C24;calcule;2026-04-01T20:19:57
MAT_03cc133d;SOLIVE_HAB_600;calcule;2026-04-01T20:19:57
MAT_03cc133d;PANNE_TOITURE_C24;calcule;2026-04-01T20:19:57
MAT_36ad7bc6;SOLIVE_HAB_600;calcule;2026-04-01T20:19:57
MAT_36ad7bc6;PANNE_TOITURE_C24;calcule;2026-04-01T20:19:57
MAT_da52e5bb;SOLIVE_HAB_600;calcule;2026-04-01T20:19:57
MAT_da52e5bb;PANNE_TOITURE_C24;calcule;2026-04-01T20:19:57
MAT_3fa0b59f;SOLIVE_HAB_600;calcule;2026-04-01T20:19:57
MAT_3fa0b59f;PANNE_TOITURE_C24;calcule;2026-04-01T20:19:57
MAT_c61125d3;SOLIVE_HAB_600;calcule;2026-04-01T20:19:57
MAT_c61125d3;PANNE_TOITURE_C24;calcule;2026-04-01T20:19:57
MAT_0eac47a0;SOLIVE_HAB_600;calcule;2026-04-01T20:19:57
MAT_0eac47a0;PANNE_TOITURE_C24;calcule;2026-04-01T20:19:57
MAT_870d3b39;SOLIVE_HAB_600;calcule;2026-04-01T20:19:57
MAT_870d3b39;PANNE_TOITURE_C24;calcule;2026-04-01T20:19:57
MAT_ae2c8585;SOLIVE_HAB_600;calcule;2026-04-01T20:19:57
MAT_ae2c8585;PANNE_TOITURE_C24;calcule;2026-04-01T20:19:57
MAT_39f8c3e9;SOLIVE_HAB_600;calcule;2026-04-01T20:19:57
MAT_39f8c3e9;PANNE_TOITURE_C24;calcule;2026-04-01T20:19:57
MAT_51c1be77;SOLIVE_HAB_600;calcule;2026-04-01T20:19:57
MAT_51c1be77;PANNE_TOITURE_C24;calcule;2026-04-01T20:19:57
MAT_4f45c794;SOLIVE_HAB_600;calcule;2026-04-01T20:19:57
MAT_4f45c794;PANNE_TOITURE_C24;calcule;2026-04-01T20:19:57
MAT_41ed7111;SOLIVE_HAB_600;calcule;2026-04-01T20:19:57
MAT_41ed7111;PANNE_TOITURE_C24;calcule;2026-04-01T20:19:57
MAT_e7dedc07;SOLIVE_HAB_600;calcule;2026-04-01T20:19:57
MAT_e7dedc07;PANNE_TOITURE_C24;calcule;2026-04-01T20:19:57
MAT_b5537511;SOLIVE_HAB_600;calcule;2026-04-01T20:19:57
MAT_b5537511;PANNE_TOITURE_C24;calcule;2026-04-01T20:19:57
MAT_485c80c3;SOLIVE_HAB_600;calcule;2026-04-01T20:19:57
MAT_485c80c3;PANNE_TOITURE_C24;calcule;2026-04-01T20:19:57
MAT_aaddc077;SOLIVE_HAB_600;calcule;2026-04-01T20:19:57
MAT_aaddc077;PANNE_TOITURE_C24;calcule;2026-04-01T20:19:57
MAT_51eb587e;SOLIVE_HAB_600;calcule;2026-04-01T20:19:57
MAT_51eb587e;PANNE_TOITURE_C24;calcule;2026-04-01T20:19:57
MAT_5fbb0831;SOLIVE_HAB_600;calcule;2026-04-01T20:19:57
MAT_5fbb0831;PANNE_TOITURE_C24;calcule;2026-04-01T20:19:57
MAT_627c8d44;SOLIVE_HAB_600;calcule;2026-04-01T20:19:57
MAT_627c8d44;PANNE_TOITURE_C24;calcule;2026-04-01T20:19:57
MAT_3a99fa80;SOLIVE_HAB_600;calcule;2026-04-01T20:19:57
MAT_3a99fa80;PANNE_TOITURE_C24;calcule;2026-04-01T20:19:57
MAT_7f617838;SOLIVE_HAB_600;calcule;2026-04-01T20:19:57
MAT_7f617838;PANNE_TOITURE_C24;calcule;2026-04-01T20:19:57
MAT_6019b897;SOLIVE_HAB_600;calcule;2026-04-01T20:19:57
MAT_6019b897;PANNE_TOITURE_C24;calcule;2026-04-01T20:19:57
MAT_2d4bf6e8;SOLIVE_HAB_600;calcule;2026-04-01T20:19:57
MAT_2d4bf6e8;PANNE_TOITURE_C24;calcule;2026-04-01T20:19:57
MAT_fb48bb61;SOLIVE_HAB_600;calcule;2026-04-01T20:19:57
MAT_fb48bb61;PANNE_TOITURE_C24;calcule;2026-04-01T20:19:57
MAT_28dc08e6;SOLIVE_HAB_600;calcule;2026-04-01T20:19:57
MAT_28dc08e6;PANNE_TOITURE_C24;calcule;2026-04-01T20:19:57
MAT_3a0da469;SOLIVE_HAB_600;calcule;2026-04-01T20:19:57
MAT_3a0da469;PANNE_TOITURE_C24;calcule;2026-04-01T20:19:57
MAT_910c54db;SOLIVE_HAB_600;calcule;2026-04-01T20:19:57
MAT_910c54db;PANNE_TOITURE_C24;calcule;2026-04-01T20:19:57
MAT_e4e3684a;SOLIVE_HAB_600;calcule;2026-04-01T20:19:57
MAT_e4e3684a;PANNE_TOITURE_C24;calcule;2026-04-01T20:19:57
MAT_1a6fa948;SOLIVE_HAB_600;calcule;2026-04-01T20:19:57
MAT_1a6fa948;PANNE_TOITURE_C24;calcule;2026-04-01T20:19:57
MAT_abe05902;SOLIVE_HAB_600;calcule;2026-04-01T20:19:57
MAT_abe05902;PANNE_TOITURE_C24;calcule;2026-04-01T20:19:57
MAT_82025f40;SOLIVE_HAB_600;calcule;2026-04-01T20:19:57
MAT_82025f40;PANNE_TOITURE_C24;calcule;2026-04-01T20:19:57
MAT_5890dbcb;SOLIVE_HAB_600;calcule;2026-04-01T20:19:57
MAT_5890dbcb;PANNE_TOITURE_C24;calcule;2026-04-01T20:19:57
MAT_0e7cd2bd;SOLIVE_HAB_600;calcule;2026-04-01T20:19:57
MAT_0e7cd2bd;PANNE_TOITURE_C24;calcule;2026-04-01T20:19:57
MAT_aea4dc3f;SOLIVE_HAB_600;calcule;2026-04-01T20:19:57
MAT_aea4dc3f;PANNE_TOITURE_C24;calcule;2026-04-01T20:19:57
MAT_dd0478fc;SOLIVE_HAB_600;calcule;2026-04-01T20:19:57
MAT_dd0478fc;PANNE_TOITURE_C24;calcule;2026-04-01T20:19:57
MAT_89b588a1;SOLIVE_HAB_600;calcule;2026-04-01T20:19:57
MAT_89b588a1;PANNE_TOITURE_C24;calcule;2026-04-01T20:19:57
MAT_8aba941e;SOLIVE_HAB_600;calcule;2026-04-01T20:19:57
MAT_8aba941e;PANNE_TOITURE_C24;calcule;2026-04-01T20:19:57
MAT_5254c376;SOLIVE_HAB_600;calcule;2026-04-01T20:19:57
MAT_5254c376;PANNE_TOITURE_C24;calcule;2026-04-01T20:19:57
MAT_6a7f54ba;SOLIVE_HAB_600;calcule;2026-04-01T20:19:57
MAT_6a7f54ba;PANNE_TOITURE_C24;calcule;2026-04-01T20:19:57
MAT_f0f56516;SOLIVE_HAB_600;calcule;2026-04-01T20:22:53
MAT_f0f56516;PANNE_TOITURE_C24;calcule;2026-04-01T20:22:53
MAT_62c727df;SOLIVE_HAB_600;calcule;2026-04-01T20:22:53
MAT_62c727df;PANNE_TOITURE_C24;calcule;2026-04-01T20:22:53
MAT_5236cfb2;SOLIVE_HAB_600;calcule;2026-04-01T20:22:53
MAT_5236cfb2;PANNE_TOITURE_C24;calcule;2026-04-01T20:22:53
MAT_35fd3e63;SOLIVE_HAB_600;calcule;2026-04-01T20:22:53
MAT_35fd3e63;PANNE_TOITURE_C24;calcule;2026-04-01T20:22:53
MAT_9ef4c18f;SOLIVE_HAB_600;calcule;2026-04-01T20:22:53
MAT_9ef4c18f;PANNE_TOITURE_C24;calcule;2026-04-01T20:22:54
MAT_e094e3c4;SOLIVE_HAB_600;calcule;2026-04-01T20:22:54
MAT_e094e3c4;PANNE_TOITURE_C24;calcule;2026-04-01T20:22:54
MAT_57724490;SOLIVE_HAB_600;calcule;2026-04-01T20:22:54
MAT_57724490;PANNE_TOITURE_C24;calcule;2026-04-01T20:22:54
MAT_24941d13;SOLIVE_HAB_600;calcule;2026-04-01T20:22:54
MAT_24941d13;PANNE_TOITURE_C24;calcule;2026-04-01T20:22:54
MAT_fe343f61;SOLIVE_HAB_600;calcule;2026-04-01T20:22:54
MAT_fe343f61;PANNE_TOITURE_C24;calcule;2026-04-01T20:22:54
MAT_33345bbf;SOLIVE_HAB_600;calcule;2026-04-01T20:22:54
MAT_33345bbf;PANNE_TOITURE_C24;calcule;2026-04-01T20:22:54
MAT_5e69eb3e;SOLIVE_HAB_600;calcule;2026-04-01T20:22:54
MAT_5e69eb3e;PANNE_TOITURE_C24;calcule;2026-04-01T20:22:54
MAT_4a032aeb;SOLIVE_HAB_600;calcule;2026-04-01T20:22:54
MAT_4a032aeb;PANNE_TOITURE_C24;calcule;2026-04-01T20:22:54
MAT_2a64bb34;SOLIVE_HAB_600;calcule;2026-04-01T20:22:54
MAT_2a64bb34;PANNE_TOITURE_C24;calcule;2026-04-01T20:22:54
MAT_6fa208a8;SOLIVE_HAB_600;calcule;2026-04-01T20:22:54
MAT_6fa208a8;PANNE_TOITURE_C24;calcule;2026-04-01T20:22:54
MAT_33ac0cd8;SOLIVE_HAB_600;calcule;2026-04-01T20:22:54
MAT_33ac0cd8;PANNE_TOITURE_C24;calcule;2026-04-01T20:22:54
MAT_845f59f2;SOLIVE_HAB_600;calcule;2026-04-01T20:22:54
MAT_845f59f2;PANNE_TOITURE_C24;calcule;2026-04-01T20:22:54
MAT_54227f32;SOLIVE_HAB_600;calcule;2026-04-01T20:22:54
MAT_54227f32;PANNE_TOITURE_C24;calcule;2026-04-01T20:22:54
MAT_7e4b8971;SOLIVE_HAB_600;calcule;2026-04-01T20:22:54
MAT_7e4b8971;PANNE_TOITURE_C24;calcule;2026-04-01T20:22:54
MAT_9256d472;SOLIVE_HAB_600;calcule;2026-04-01T20:22:54
MAT_9256d472;PANNE_TOITURE_C24;calcule;2026-04-01T20:22:54
MAT_572dcb01;SOLIVE_HAB_600;calcule;2026-04-01T20:22:54
MAT_572dcb01;PANNE_TOITURE_C24;calcule;2026-04-01T20:22:54
MAT_7823fa09;SOLIVE_HAB_600;calcule;2026-04-01T20:22:54
MAT_7823fa09;PANNE_TOITURE_C24;calcule;2026-04-01T20:22:54
MAT_3d1c434a;SOLIVE_HAB_600;calcule;2026-04-01T20:22:54
MAT_3d1c434a;PANNE_TOITURE_C24;calcule;2026-04-01T20:22:54
MAT_ddb17bf5;SOLIVE_HAB_600;calcule;2026-04-01T20:22:54
MAT_ddb17bf5;PANNE_TOITURE_C24;calcule;2026-04-01T20:22:54
MAT_ac0ba556;SOLIVE_HAB_600;calcule;2026-04-01T20:22:54
MAT_ac0ba556;PANNE_TOITURE_C24;calcule;2026-04-01T20:22:54
MAT_11acf265;SOLIVE_HAB_600;calcule;2026-04-01T20:22:54
MAT_11acf265;PANNE_TOITURE_C24;calcule;2026-04-01T20:22:54
MAT_fed62eed;SOLIVE_HAB_600;calcule;2026-04-01T20:22:54
MAT_fed62eed;PANNE_TOITURE_C24;calcule;2026-04-01T20:22:54
MAT_426299b2;SOLIVE_HAB_600;calcule;2026-04-01T20:22:54
MAT_426299b2;PANNE_TOITURE_C24;calcule;2026-04-01T20:22:54
MAT_aa4b5396;SOLIVE_HAB_600;calcule;2026-04-01T20:22:54
MAT_aa4b5396;PANNE_TOITURE_C24;calcule;2026-04-01T20:22:54
MAT_c43e9aa1;SOLIVE_HAB_600;calcule;2026-04-01T20:22:54
MAT_c43e9aa1;PANNE_TOITURE_C24;calcule;2026-04-01T20:22:54
MAT_054ee8e8;SOLIVE_HAB_600;calcule;2026-04-01T20:22:54
MAT_054ee8e8;PANNE_TOITURE_C24;calcule;2026-04-01T20:22:54
MAT_596ef8d1;SOLIVE_HAB_600;calcule;2026-04-01T20:22:54
MAT_596ef8d1;PANNE_TOITURE_C24;calcule;2026-04-01T20:22:54
MAT_defffdee;SOLIVE_HAB_600;calcule;2026-04-01T20:22:54
MAT_defffdee;PANNE_TOITURE_C24;calcule;2026-04-01T20:22:54
MAT_c6e5e538;SOLIVE_HAB_600;calcule;2026-04-01T20:22:54
MAT_c6e5e538;PANNE_TOITURE_C24;calcule;2026-04-01T20:22:54
MAT_726db26b;SOLIVE_HAB_600;calcule;2026-04-01T20:22:54
MAT_726db26b;PANNE_TOITURE_C24;calcule;2026-04-01T20:22:54
MAT_6d8bd866;SOLIVE_HAB_600_E0.6;calcule;2026-04-01T21:10:11
MAT_6d8bd866;SOLIVE_HAB_600_E1.2;calcule;2026-04-01T21:10:11
MAT_748238e9;SOLIVE_HAB_600_E0.6;calcule;2026-04-01T21:10:11
MAT_748238e9;SOLIVE_HAB_600_E1.2;calcule;2026-04-01T21:10:11
MAT_0ba2d861;SOLIVE_HAB_600_E0.6;calcule;2026-04-01T21:10:11
MAT_0ba2d861;SOLIVE_HAB_600_E1.2;calcule;2026-04-01T21:10:11
MAT_84857a09;SOLIVE_HAB_600_E0.6;calcule;2026-04-01T21:10:11
MAT_84857a09;SOLIVE_HAB_600_E1.2;calcule;2026-04-01T21:10:11
MAT_fef21610;SOLIVE_HAB_600_E0.6;calcule;2026-04-01T21:10:11
MAT_fef21610;SOLIVE_HAB_600_E1.2;calcule;2026-04-01T21:10:11
MAT_17f3ed96;SOLIVE_HAB_600_E0.6;calcule;2026-04-01T21:10:11
MAT_17f3ed96;SOLIVE_HAB_600_E1.2;calcule;2026-04-01T21:10:11
MAT_f0f56516;SOLIVE_HAB_600_E0.6;calcule;2026-04-01T21:10:11
MAT_f0f56516;SOLIVE_HAB_600_E1.2;calcule;2026-04-01T21:10:11
MAT_62c727df;SOLIVE_HAB_600_E0.6;calcule;2026-04-01T21:10:11
MAT_62c727df;SOLIVE_HAB_600_E1.2;calcule;2026-04-01T21:10:11
MAT_49f8d3f2;SOLIVE_HAB_600_E0.6;calcule;2026-04-01T21:10:11
MAT_49f8d3f2;SOLIVE_HAB_600_E1.2;calcule;2026-04-01T21:10:11
MAT_0099110a;SOLIVE_HAB_600_E0.6;calcule;2026-04-01T21:10:11
MAT_0099110a;SOLIVE_HAB_600_E1.2;calcule;2026-04-01T21:10:11
MAT_05cdedae;SOLIVE_HAB_600_E0.6;calcule;2026-04-01T21:10:11
MAT_05cdedae;SOLIVE_HAB_600_E1.2;calcule;2026-04-01T21:10:11
MAT_c3019ab7;SOLIVE_HAB_600_E0.6;calcule;2026-04-01T21:10:11
MAT_c3019ab7;SOLIVE_HAB_600_E1.2;calcule;2026-04-01T21:10:11
MAT_f3e0eac5;SOLIVE_HAB_600_E0.6;calcule;2026-04-01T21:10:11
MAT_f3e0eac5;SOLIVE_HAB_600_E1.2;calcule;2026-04-01T21:10:11
MAT_2b013bb4;SOLIVE_HAB_600_E0.6;calcule;2026-04-01T21:10:11
MAT_2b013bb4;SOLIVE_HAB_600_E1.2;calcule;2026-04-01T21:10:11
MAT_2349d6bd;SOLIVE_HAB_600_E0.6;calcule;2026-04-01T21:10:11
MAT_2349d6bd;SOLIVE_HAB_600_E1.2;calcule;2026-04-01T21:10:11
MAT_aede142b;SOLIVE_HAB_600_E0.6;calcule;2026-04-01T21:10:11
MAT_aede142b;SOLIVE_HAB_600_E1.2;calcule;2026-04-01T21:10:11
MAT_ecfd4c5f;SOLIVE_HAB_600_E0.6;calcule;2026-04-01T21:10:11
MAT_ecfd4c5f;SOLIVE_HAB_600_E1.2;calcule;2026-04-01T21:10:11
MAT_aff581b7;SOLIVE_HAB_600_E0.6;calcule;2026-04-01T21:10:11
MAT_aff581b7;SOLIVE_HAB_600_E1.2;calcule;2026-04-01T21:10:11
MAT_7f4fd05b;SOLIVE_HAB_600_E0.6;calcule;2026-04-01T21:10:11
MAT_7f4fd05b;SOLIVE_HAB_600_E1.2;calcule;2026-04-01T21:10:11
MAT_dcc8f6ac;SOLIVE_HAB_600_E0.6;calcule;2026-04-01T21:10:11
MAT_dcc8f6ac;SOLIVE_HAB_600_E1.2;calcule;2026-04-01T21:10:11
MAT_a4b39cbb;SOLIVE_HAB_600_E0.6;calcule;2026-04-01T21:10:11
MAT_a4b39cbb;SOLIVE_HAB_600_E1.2;calcule;2026-04-01T21:10:11
MAT_e9cd8d0a;SOLIVE_HAB_600_E0.6;calcule;2026-04-01T21:10:11
MAT_e9cd8d0a;SOLIVE_HAB_600_E1.2;calcule;2026-04-01T21:10:11
MAT_3b86697c;SOLIVE_HAB_600_E0.6;calcule;2026-04-01T21:10:11
MAT_3b86697c;SOLIVE_HAB_600_E1.2;calcule;2026-04-01T21:10:11
MAT_0ba78810;SOLIVE_HAB_600_E0.6;calcule;2026-04-01T21:10:11
MAT_0ba78810;SOLIVE_HAB_600_E1.2;calcule;2026-04-01T21:10:11
MAT_8bac6fe6;SOLIVE_HAB_600_E0.6;calcule;2026-04-01T21:10:11
MAT_8bac6fe6;SOLIVE_HAB_600_E1.2;calcule;2026-04-01T21:10:11
MAT_3f8e922e;SOLIVE_HAB_600_E0.6;calcule;2026-04-01T21:10:11
MAT_3f8e922e;SOLIVE_HAB_600_E1.2;calcule;2026-04-01T21:10:11
MAT_463c3b46;SOLIVE_HAB_600_E0.6;calcule;2026-04-01T21:10:11
MAT_463c3b46;SOLIVE_HAB_600_E1.2;calcule;2026-04-01T21:10:11
MAT_87d04de8;SOLIVE_HAB_600_E0.6;calcule;2026-04-01T21:10:11
MAT_87d04de8;SOLIVE_HAB_600_E1.2;calcule;2026-04-01T21:10:12
MAT_da3e752c;SOLIVE_HAB_600_E0.6;calcule;2026-04-01T21:10:12
MAT_da3e752c;SOLIVE_HAB_600_E1.2;calcule;2026-04-01T21:10:12
MAT_a00c8040;SOLIVE_HAB_600_E0.6;calcule;2026-04-01T21:10:12
MAT_a00c8040;SOLIVE_HAB_600_E1.2;calcule;2026-04-01T21:10:12
MAT_a3c54c69;SOLIVE_HAB_600_E0.6;calcule;2026-04-01T21:10:12
MAT_a3c54c69;SOLIVE_HAB_600_E1.2;calcule;2026-04-01T21:10:12
MAT_b9c609db;SOLIVE_HAB_600_E0.6;calcule;2026-04-01T21:10:12
MAT_b9c609db;SOLIVE_HAB_600_E1.2;calcule;2026-04-01T21:10:12
MAT_8e971be1;SOLIVE_HAB_600_E0.6;calcule;2026-04-01T21:10:12
MAT_8e971be1;SOLIVE_HAB_600_E1.2;calcule;2026-04-01T21:10:12
MAT_fe738fc0;SOLIVE_HAB_600_E0.6;calcule;2026-04-01T21:10:12
MAT_fe738fc0;SOLIVE_HAB_600_E1.2;calcule;2026-04-01T21:10:12
MAT_a918a319;SOLIVE_HAB_600_E0.6;calcule;2026-04-01T21:10:12
MAT_a918a319;SOLIVE_HAB_600_E1.2;calcule;2026-04-01T21:10:12
MAT_ea8906ca;SOLIVE_HAB_600_E0.6;calcule;2026-04-01T21:10:12
MAT_ea8906ca;SOLIVE_HAB_600_E1.2;calcule;2026-04-01T21:10:12
MAT_5708206f;SOLIVE_HAB_600_E0.6;calcule;2026-04-01T21:10:12
MAT_5708206f;SOLIVE_HAB_600_E1.2;calcule;2026-04-01T21:10:12
MAT_26a0524a;SOLIVE_HAB_600_E0.6;calcule;2026-04-01T21:10:12
MAT_26a0524a;SOLIVE_HAB_600_E1.2;calcule;2026-04-01T21:10:12
MAT_88affbe0;SOLIVE_HAB_600_E0.6;calcule;2026-04-01T21:10:12
MAT_88affbe0;SOLIVE_HAB_600_E1.2;calcule;2026-04-01T21:10:12
MAT_2a9a7f70;SOLIVE_HAB_600_E0.6;calcule;2026-04-01T21:10:12
MAT_2a9a7f70;SOLIVE_HAB_600_E1.2;calcule;2026-04-01T21:10:12
MAT_6f3afebb;SOLIVE_HAB_600_E0.6;calcule;2026-04-01T21:10:12
MAT_6f3afebb;SOLIVE_HAB_600_E1.2;calcule;2026-04-01T21:10:12
MAT_065aa3ee;SOLIVE_HAB_600_E0.6;calcule;2026-04-01T21:10:12
MAT_065aa3ee;SOLIVE_HAB_600_E1.2;calcule;2026-04-01T21:10:12
MAT_b12851a2;SOLIVE_HAB_600_E0.6;calcule;2026-04-01T21:10:12
MAT_b12851a2;SOLIVE_HAB_600_E1.2;calcule;2026-04-01T21:10:12
MAT_189c6e6d;SOLIVE_HAB_600_E0.6;calcule;2026-04-01T21:10:12
MAT_189c6e6d;SOLIVE_HAB_600_E1.2;calcule;2026-04-01T21:10:12
MAT_da9af91a;SOLIVE_HAB_600_E0.6;calcule;2026-04-01T21:10:12
MAT_da9af91a;SOLIVE_HAB_600_E1.2;calcule;2026-04-01T21:10:12
MAT_ebb9564f;SOLIVE_HAB_600_E0.6;calcule;2026-04-01T21:10:12
MAT_ebb9564f;SOLIVE_HAB_600_E1.2;calcule;2026-04-01T21:10:12
MAT_281f234f;SOLIVE_HAB_600_E0.6;calcule;2026-04-01T21:10:12
MAT_281f234f;SOLIVE_HAB_600_E1.2;calcule;2026-04-01T21:10:12
MAT_d5267100;SOLIVE_HAB_600_E0.6;calcule;2026-04-01T21:10:12
MAT_d5267100;SOLIVE_HAB_600_E1.2;calcule;2026-04-01T21:10:12
MAT_96b3ed1b;SOLIVE_HAB_600_E0.6;calcule;2026-04-01T21:10:12
MAT_96b3ed1b;SOLIVE_HAB_600_E1.2;calcule;2026-04-01T21:10:12
MAT_48835087;SOLIVE_HAB_600_E0.6;calcule;2026-04-01T21:10:12
MAT_48835087;SOLIVE_HAB_600_E1.2;calcule;2026-04-01T21:10:12
MAT_ef9c7d3d;SOLIVE_HAB_600_E0.6;calcule;2026-04-01T21:10:12
MAT_ef9c7d3d;SOLIVE_HAB_600_E1.2;calcule;2026-04-01T21:10:12
MAT_235d0ee3;SOLIVE_HAB_600_E0.6;calcule;2026-04-01T21:10:12
MAT_235d0ee3;SOLIVE_HAB_600_E1.2;calcule;2026-04-01T21:10:12
MAT_440bff0a;SOLIVE_HAB_600_E0.6;calcule;2026-04-01T21:10:12
MAT_440bff0a;SOLIVE_HAB_600_E1.2;calcule;2026-04-01T21:10:12
MAT_c2dfc37f;SOLIVE_HAB_600_E0.6;calcule;2026-04-01T21:10:12
MAT_c2dfc37f;SOLIVE_HAB_600_E1.2;calcule;2026-04-01T21:10:12
MAT_91d88811;SOLIVE_HAB_600_E0.6;calcule;2026-04-01T21:10:12
MAT_91d88811;SOLIVE_HAB_600_E1.2;calcule;2026-04-01T21:10:12
MAT_93e99f45;SOLIVE_HAB_600_E0.6;calcule;2026-04-01T21:10:12
MAT_93e99f45;SOLIVE_HAB_600_E1.2;calcule;2026-04-01T21:10:12
MAT_9ff50609;SOLIVE_HAB_600_E0.6;calcule;2026-04-01T21:10:12
MAT_9ff50609;SOLIVE_HAB_600_E1.2;calcule;2026-04-01T21:10:12
MAT_3bffea3f;SOLIVE_HAB_600_E0.6;calcule;2026-04-01T21:10:12
MAT_3bffea3f;SOLIVE_HAB_600_E1.2;calcule;2026-04-01T21:10:12
MAT_6d059032;SOLIVE_HAB_600_E0.6;calcule;2026-04-01T21:10:12
MAT_6d059032;SOLIVE_HAB_600_E1.2;calcule;2026-04-01T21:10:12
MAT_9ed22d71;SOLIVE_HAB_600_E0.6;calcule;2026-04-01T21:10:12
MAT_9ed22d71;SOLIVE_HAB_600_E1.2;calcule;2026-04-01T21:10:12
MAT_bddd4a1b;SOLIVE_HAB_600_E0.6;calcule;2026-04-01T21:10:12
MAT_bddd4a1b;SOLIVE_HAB_600_E1.2;calcule;2026-04-01T21:10:12
MAT_4487378e;SOLIVE_HAB_600_E0.6;calcule;2026-04-01T21:10:12
MAT_4487378e;SOLIVE_HAB_600_E1.2;calcule;2026-04-01T21:10:12
MAT_c87ca038;SOLIVE_HAB_600_E0.6;calcule;2026-04-01T21:10:12
MAT_c87ca038;SOLIVE_HAB_600_E1.2;calcule;2026-04-01T21:10:12
MAT_d2208e2e;SOLIVE_HAB_600_E0.6;calcule;2026-04-01T21:10:12
MAT_d2208e2e;SOLIVE_HAB_600_E1.2;calcule;2026-04-01T21:10:12
MAT_d3b8a571;SOLIVE_HAB_600_E0.6;calcule;2026-04-01T21:10:12
MAT_d3b8a571;SOLIVE_HAB_600_E1.2;calcule;2026-04-01T21:10:12
MAT_7527b112;SOLIVE_HAB_600_E0.6;calcule;2026-04-01T21:10:12
MAT_7527b112;SOLIVE_HAB_600_E1.2;calcule;2026-04-01T21:10:12
MAT_a1f2b576;SOLIVE_HAB_600_E0.6;calcule;2026-04-01T21:10:13
MAT_a1f2b576;SOLIVE_HAB_600_E1.2;calcule;2026-04-01T21:10:13
MAT_d0737c14;SOLIVE_HAB_600_E0.6;calcule;2026-04-01T21:10:13
MAT_d0737c14;SOLIVE_HAB_600_E1.2;calcule;2026-04-01T21:10:13
MAT_6965ec6a;SOLIVE_HAB_600_E0.6;calcule;2026-04-01T21:10:13
MAT_6965ec6a;SOLIVE_HAB_600_E1.2;calcule;2026-04-01T21:10:13
MAT_945e808c;SOLIVE_HAB_600_E0.6;calcule;2026-04-01T21:10:13
MAT_945e808c;SOLIVE_HAB_600_E1.2;calcule;2026-04-01T21:10:13
MAT_67f6fbbd;SOLIVE_HAB_600_E0.6;calcule;2026-04-01T21:10:13
MAT_67f6fbbd;SOLIVE_HAB_600_E1.2;calcule;2026-04-01T21:10:13
MAT_e5027c38;SOLIVE_HAB_600_E0.6;calcule;2026-04-01T21:10:13
MAT_e5027c38;SOLIVE_HAB_600_E1.2;calcule;2026-04-01T21:10:13
MAT_4e5f6cee;SOLIVE_HAB_600_E0.6;calcule;2026-04-01T21:10:13
MAT_4e5f6cee;SOLIVE_HAB_600_E1.2;calcule;2026-04-01T21:10:13
MAT_4af6d6fb;SOLIVE_HAB_600_E0.6;calcule;2026-04-01T21:10:13
MAT_4af6d6fb;SOLIVE_HAB_600_E1.2;calcule;2026-04-01T21:10:13
MAT_cd44ac45;SOLIVE_HAB_600_E0.6;calcule;2026-04-01T21:10:13
MAT_cd44ac45;SOLIVE_HAB_600_E1.2;calcule;2026-04-01T21:10:13
MAT_03cc133d;SOLIVE_HAB_600_E0.6;calcule;2026-04-01T21:10:13
MAT_03cc133d;SOLIVE_HAB_600_E1.2;calcule;2026-04-01T21:10:13
MAT_36ad7bc6;SOLIVE_HAB_600_E0.6;calcule;2026-04-01T21:10:13
MAT_36ad7bc6;SOLIVE_HAB_600_E1.2;calcule;2026-04-01T21:10:13
MAT_da52e5bb;SOLIVE_HAB_600_E0.6;calcule;2026-04-01T21:10:13
MAT_da52e5bb;SOLIVE_HAB_600_E1.2;calcule;2026-04-01T21:10:13
MAT_3fa0b59f;SOLIVE_HAB_600_E0.6;calcule;2026-04-01T21:10:13
MAT_3fa0b59f;SOLIVE_HAB_600_E1.2;calcule;2026-04-01T21:10:13
MAT_c61125d3;SOLIVE_HAB_600_E0.6;calcule;2026-04-01T21:10:13
MAT_c61125d3;SOLIVE_HAB_600_E1.2;calcule;2026-04-01T21:10:13
MAT_0eac47a0;SOLIVE_HAB_600_E0.6;calcule;2026-04-01T21:10:13
MAT_0eac47a0;SOLIVE_HAB_600_E1.2;calcule;2026-04-01T21:10:13
MAT_870d3b39;SOLIVE_HAB_600_E0.6;calcule;2026-04-01T21:10:13
MAT_870d3b39;SOLIVE_HAB_600_E1.2;calcule;2026-04-01T21:10:13
MAT_ae2c8585;SOLIVE_HAB_600_E0.6;calcule;2026-04-01T21:10:13
MAT_ae2c8585;SOLIVE_HAB_600_E1.2;calcule;2026-04-01T21:10:13
MAT_39f8c3e9;SOLIVE_HAB_600_E0.6;calcule;2026-04-01T21:10:13
MAT_39f8c3e9;SOLIVE_HAB_600_E1.2;calcule;2026-04-01T21:10:13
MAT_51c1be77;SOLIVE_HAB_600_E0.6;calcule;2026-04-01T21:10:13
MAT_51c1be77;SOLIVE_HAB_600_E1.2;calcule;2026-04-01T21:10:13
MAT_4f45c794;SOLIVE_HAB_600_E0.6;calcule;2026-04-01T21:10:13
MAT_4f45c794;SOLIVE_HAB_600_E1.2;calcule;2026-04-01T21:10:13
MAT_41ed7111;SOLIVE_HAB_600_E0.6;calcule;2026-04-01T21:10:13
MAT_41ed7111;SOLIVE_HAB_600_E1.2;calcule;2026-04-01T21:10:13
MAT_e7dedc07;SOLIVE_HAB_600_E0.6;calcule;2026-04-01T21:10:13
MAT_e7dedc07;SOLIVE_HAB_600_E1.2;calcule;2026-04-01T21:10:13
MAT_b5537511;SOLIVE_HAB_600_E0.6;calcule;2026-04-01T21:10:13
MAT_b5537511;SOLIVE_HAB_600_E1.2;calcule;2026-04-01T21:10:13
MAT_485c80c3;SOLIVE_HAB_600_E0.6;calcule;2026-04-01T21:10:13
MAT_485c80c3;SOLIVE_HAB_600_E1.2;calcule;2026-04-01T21:10:13
MAT_aaddc077;SOLIVE_HAB_600_E0.6;calcule;2026-04-01T21:10:13
MAT_aaddc077;SOLIVE_HAB_600_E1.2;calcule;2026-04-01T21:10:13
MAT_51eb587e;SOLIVE_HAB_600_E0.6;calcule;2026-04-01T21:10:13
MAT_51eb587e;SOLIVE_HAB_600_E1.2;calcule;2026-04-01T21:10:13
MAT_5fbb0831;SOLIVE_HAB_600_E0.6;calcule;2026-04-01T21:10:13
MAT_5fbb0831;SOLIVE_HAB_600_E1.2;calcule;2026-04-01T21:10:13
MAT_627c8d44;SOLIVE_HAB_600_E0.6;calcule;2026-04-01T21:10:13
MAT_627c8d44;SOLIVE_HAB_600_E1.2;calcule;2026-04-01T21:10:13
MAT_3a99fa80;SOLIVE_HAB_600_E0.6;calcule;2026-04-01T21:10:13
MAT_3a99fa80;SOLIVE_HAB_600_E1.2;calcule;2026-04-01T21:10:13
MAT_7f617838;SOLIVE_HAB_600_E0.6;calcule;2026-04-01T21:10:13
MAT_7f617838;SOLIVE_HAB_600_E1.2;calcule;2026-04-01T21:10:13
MAT_6019b897;SOLIVE_HAB_600_E0.6;calcule;2026-04-01T21:10:13
MAT_6019b897;SOLIVE_HAB_600_E1.2;calcule;2026-04-01T21:10:13
MAT_2d4bf6e8;SOLIVE_HAB_600_E0.6;calcule;2026-04-01T21:10:13
MAT_2d4bf6e8;SOLIVE_HAB_600_E1.2;calcule;2026-04-01T21:10:13
MAT_fb48bb61;SOLIVE_HAB_600_E0.6;calcule;2026-04-01T21:10:13
MAT_fb48bb61;SOLIVE_HAB_600_E1.2;calcule;2026-04-01T21:10:13
MAT_5236cfb2;SOLIVE_HAB_600_E0.6;calcule;2026-04-01T21:10:13
MAT_5236cfb2;SOLIVE_HAB_600_E1.2;calcule;2026-04-01T21:10:13
MAT_35fd3e63;SOLIVE_HAB_600_E0.6;calcule;2026-04-01T21:10:13
MAT_35fd3e63;SOLIVE_HAB_600_E1.2;calcule;2026-04-01T21:10:13
MAT_9ef4c18f;SOLIVE_HAB_600_E0.6;calcule;2026-04-01T21:10:13
MAT_9ef4c18f;SOLIVE_HAB_600_E1.2;calcule;2026-04-01T21:10:13
MAT_e094e3c4;SOLIVE_HAB_600_E0.6;calcule;2026-04-01T21:10:14
MAT_e094e3c4;SOLIVE_HAB_600_E1.2;calcule;2026-04-01T21:10:14
MAT_57724490;SOLIVE_HAB_600_E0.6;calcule;2026-04-01T21:10:14
MAT_57724490;SOLIVE_HAB_600_E1.2;calcule;2026-04-01T21:10:14
MAT_24941d13;SOLIVE_HAB_600_E0.6;calcule;2026-04-01T21:10:14
MAT_24941d13;SOLIVE_HAB_600_E1.2;calcule;2026-04-01T21:10:14
MAT_fe343f61;SOLIVE_HAB_600_E0.6;calcule;2026-04-01T21:10:14
MAT_fe343f61;SOLIVE_HAB_600_E1.2;calcule;2026-04-01T21:10:14
MAT_33345bbf;SOLIVE_HAB_600_E0.6;calcule;2026-04-01T21:10:14
MAT_33345bbf;SOLIVE_HAB_600_E1.2;calcule;2026-04-01T21:10:14
MAT_5e69eb3e;SOLIVE_HAB_600_E0.6;calcule;2026-04-01T21:10:14
MAT_5e69eb3e;SOLIVE_HAB_600_E1.2;calcule;2026-04-01T21:10:14
MAT_4a032aeb;SOLIVE_HAB_600_E0.6;calcule;2026-04-01T21:10:14
MAT_4a032aeb;SOLIVE_HAB_600_E1.2;calcule;2026-04-01T21:10:14
MAT_2a64bb34;SOLIVE_HAB_600_E0.6;calcule;2026-04-01T21:10:14
MAT_2a64bb34;SOLIVE_HAB_600_E1.2;calcule;2026-04-01T21:10:14
MAT_6fa208a8;SOLIVE_HAB_600_E0.6;calcule;2026-04-01T21:10:14
MAT_6fa208a8;SOLIVE_HAB_600_E1.2;calcule;2026-04-01T21:10:14
MAT_33ac0cd8;SOLIVE_HAB_600_E0.6;calcule;2026-04-01T21:10:14
MAT_33ac0cd8;SOLIVE_HAB_600_E1.2;calcule;2026-04-01T21:10:14
MAT_845f59f2;SOLIVE_HAB_600_E0.6;calcule;2026-04-01T21:10:14
MAT_845f59f2;SOLIVE_HAB_600_E1.2;calcule;2026-04-01T21:10:14
MAT_54227f32;SOLIVE_HAB_600_E0.6;calcule;2026-04-01T21:10:14
MAT_54227f32;SOLIVE_HAB_600_E1.2;calcule;2026-04-01T21:10:14
MAT_7e4b8971;SOLIVE_HAB_600_E0.6;calcule;2026-04-01T21:10:14
MAT_7e4b8971;SOLIVE_HAB_600_E1.2;calcule;2026-04-01T21:10:14
MAT_9256d472;SOLIVE_HAB_600_E0.6;calcule;2026-04-01T21:10:14
MAT_9256d472;SOLIVE_HAB_600_E1.2;calcule;2026-04-01T21:10:14
MAT_572dcb01;SOLIVE_HAB_600_E0.6;calcule;2026-04-01T21:10:14
MAT_572dcb01;SOLIVE_HAB_600_E1.2;calcule;2026-04-01T21:10:14
MAT_7823fa09;SOLIVE_HAB_600_E0.6;calcule;2026-04-01T21:10:14
MAT_7823fa09;SOLIVE_HAB_600_E1.2;calcule;2026-04-01T21:10:14
MAT_3d1c434a;SOLIVE_HAB_600_E0.6;calcule;2026-04-01T21:10:14
MAT_3d1c434a;SOLIVE_HAB_600_E1.2;calcule;2026-04-01T21:10:14
MAT_ddb17bf5;SOLIVE_HAB_600_E0.6;calcule;2026-04-01T21:10:14
MAT_ddb17bf5;SOLIVE_HAB_600_E1.2;calcule;2026-04-01T21:10:14
MAT_ac0ba556;SOLIVE_HAB_600_E0.6;calcule;2026-04-01T21:10:14
MAT_ac0ba556;SOLIVE_HAB_600_E1.2;calcule;2026-04-01T21:10:14
MAT_11acf265;SOLIVE_HAB_600_E0.6;calcule;2026-04-01T21:10:14
MAT_11acf265;SOLIVE_HAB_600_E1.2;calcule;2026-04-01T21:10:14
MAT_fed62eed;SOLIVE_HAB_600_E0.6;calcule;2026-04-01T21:10:14
MAT_fed62eed;SOLIVE_HAB_600_E1.2;calcule;2026-04-01T21:10:14
MAT_426299b2;SOLIVE_HAB_600_E0.6;calcule;2026-04-01T21:10:14
MAT_426299b2;SOLIVE_HAB_600_E1.2;calcule;2026-04-01T21:10:14
MAT_aa4b5396;SOLIVE_HAB_600_E0.6;calcule;2026-04-01T21:10:14
MAT_aa4b5396;SOLIVE_HAB_600_E1.2;calcule;2026-04-01T21:10:14
MAT_c43e9aa1;SOLIVE_HAB_600_E0.6;calcule;2026-04-01T21:10:14
MAT_c43e9aa1;SOLIVE_HAB_600_E1.2;calcule;2026-04-01T21:10:14
MAT_054ee8e8;SOLIVE_HAB_600_E0.6;calcule;2026-04-01T21:10:14
MAT_054ee8e8;SOLIVE_HAB_600_E1.2;calcule;2026-04-01T21:10:14
MAT_596ef8d1;SOLIVE_HAB_600_E0.6;calcule;2026-04-01T21:10:14
MAT_596ef8d1;SOLIVE_HAB_600_E1.2;calcule;2026-04-01T21:10:14
MAT_defffdee;SOLIVE_HAB_600_E0.6;calcule;2026-04-01T21:10:14
MAT_defffdee;SOLIVE_HAB_600_E1.2;calcule;2026-04-01T21:10:14
MAT_c6e5e538;SOLIVE_HAB_600_E0.6;calcule;2026-04-01T21:10:14
MAT_c6e5e538;SOLIVE_HAB_600_E1.2;calcule;2026-04-01T21:10:14
MAT_726db26b;SOLIVE_HAB_600_E0.6;calcule;2026-04-01T21:10:14
MAT_726db26b;SOLIVE_HAB_600_E1.2;calcule;2026-04-01T21:10:14
MAT_28dc08e6;SOLIVE_HAB_600_E0.6;calcule;2026-04-01T21:10:14
MAT_28dc08e6;SOLIVE_HAB_600_E1.2;calcule;2026-04-01T21:10:14
MAT_3a0da469;SOLIVE_HAB_600_E0.6;calcule;2026-04-01T21:10:14
MAT_3a0da469;SOLIVE_HAB_600_E1.2;calcule;2026-04-01T21:10:15
MAT_910c54db;SOLIVE_HAB_600_E0.6;calcule;2026-04-01T21:10:15
MAT_910c54db;SOLIVE_HAB_600_E1.2;calcule;2026-04-01T21:10:15
MAT_e4e3684a;SOLIVE_HAB_600_E0.6;calcule;2026-04-01T21:10:15
MAT_e4e3684a;SOLIVE_HAB_600_E1.2;calcule;2026-04-01T21:10:15
MAT_1a6fa948;SOLIVE_HAB_600_E0.6;calcule;2026-04-01T21:10:15
MAT_1a6fa948;SOLIVE_HAB_600_E1.2;calcule;2026-04-01T21:10:15
MAT_abe05902;SOLIVE_HAB_600_E0.6;calcule;2026-04-01T21:10:15
MAT_abe05902;SOLIVE_HAB_600_E1.2;calcule;2026-04-01T21:10:15
MAT_82025f40;SOLIVE_HAB_600_E0.6;calcule;2026-04-01T21:10:15
MAT_82025f40;SOLIVE_HAB_600_E1.2;calcule;2026-04-01T21:10:15
MAT_5890dbcb;SOLIVE_HAB_600_E0.6;calcule;2026-04-01T21:10:15
MAT_5890dbcb;SOLIVE_HAB_600_E1.2;calcule;2026-04-01T21:10:15
MAT_0e7cd2bd;SOLIVE_HAB_600_E0.6;calcule;2026-04-01T21:10:15
MAT_0e7cd2bd;SOLIVE_HAB_600_E1.2;calcule;2026-04-01T21:10:15
MAT_aea4dc3f;SOLIVE_HAB_600_E0.6;calcule;2026-04-01T21:10:15
MAT_aea4dc3f;SOLIVE_HAB_600_E1.2;calcule;2026-04-01T21:10:15
MAT_dd0478fc;SOLIVE_HAB_600_E0.6;calcule;2026-04-01T21:10:15
MAT_dd0478fc;SOLIVE_HAB_600_E1.2;calcule;2026-04-01T21:10:15
MAT_89b588a1;SOLIVE_HAB_600_E0.6;calcule;2026-04-01T21:10:15
MAT_89b588a1;SOLIVE_HAB_600_E1.2;calcule;2026-04-01T21:10:15
MAT_8aba941e;SOLIVE_HAB_600_E0.6;calcule;2026-04-01T21:10:15
MAT_8aba941e;SOLIVE_HAB_600_E1.2;calcule;2026-04-01T21:10:15
MAT_5254c376;SOLIVE_HAB_600_E0.6;calcule;2026-04-01T21:10:15
MAT_5254c376;SOLIVE_HAB_600_E1.2;calcule;2026-04-01T21:10:15
MAT_6a7f54ba;SOLIVE_HAB_600_E0.6;calcule;2026-04-01T21:10:15
MAT_6a7f54ba;SOLIVE_HAB_600_E1.2;calcule;2026-04-01T21:10:15
