id_produit;libelle;b_mm;h_mm;L_max_m;classe_resistance;famille;id_config_materiau;libelle_config_materiau;classe_dans_libelle;disponible;fournisseur;statut_ingestion;raison_exclusion;ligne_csv_source
100126;Bardage Cedral Click relief gris schist C18 12X173 mm L.3.60 m;12.0;173.0;3.6;C18;INCONNU;MAT_a5eb3b45;12x173 C18 L=3.6m;True;True;ORCAB ETERNIT;valide;;24
100299;Tasseaux douglas C24 sec rabot횄짤 4 faces non trait횄짤 21X40 mm L.4.00 m;21.0;45.0;4.0;C24;INCONNU;MAT_6af8a544;21x45 C24 L=4.0m;True;True;ETS LE GAL SA;valide;;55
100300;Bois massif about횄짤 KVH 횄짤picea C24 invisible rabot횄짤 chanfrein횄짤 trait횄짤 CL2 incolore 45X120 mm L.13.00 m;45.0;120.0;13.0;C24;INCONNU;MAT_6d8bd866;45x120 C24 L=13.0m;True;True;HANS SCHWORER;valide;;56
100301;Bois massif about횄짤 KVH 횄짤picea C24 invisible rabot횄짤 chanfrein횄짤 trait횄짤 CL2 incolore 45X220 mm L.13.00 m;45.0;220.0;13.0;C24;INCONNU;MAT_748238e9;45x220 C24 L=13.0m;True;True;NO MARQUE;valide;;57
100310;Bois massif about횄짤 KVH 횄짤picea C24 invisible rabot횄짤 chanfrein횄짤 trait횄짤 CL2 incolore 45X220 mm L.6.50 m;45.0;220.0;6.5;C24;INCONNU;MAT_0ba2d861;45x220 C24 L=6.5m;True;True;NO MARQUE;valide;;58
100313;Bois massif about횄짤 KVH douglas C24 sec rabot횄짤 chanfrein횄짤 non trait횄짤 45X120 mm;45.0;120.0;13.0;C24;INCONNU;MAT_6d8bd866;45x120 C24 L=13.0m;True;True;PIVETEAU DURAPIN SCIERIE;valide;;59
101909;Bois massif about횄짤 KVH epicea C24 sec rabot횄짤 4 faces non trait횄짤 45X120 mm L.6.50 m;45.0;120.0;6.5;C24;INCONNU;MAT_84857a09;45x120 C24 L=6.5m;True;True;HANS SCHWORER;valide;;367
101911;Bois de charpente C24 횄짤pic횄짤a sec trait횄짤 CL2 incolore 38X300mm L.6.00 m;38.0;300.0;6.0;C24;INCONNU;MAT_fef21610;38x300 C24 L=6.0m;True;True;NO MARQUE;valide;;368
101912;Bois de charpente C24 횄짤pic횄짤a non sec trait횄짤 CL2 incolore 38X300mm L.7.00 m;38.0;300.0;7.0;C24;INCONNU;MAT_17f3ed96;38x300 C24 L=7.0m;True;True;NO MARQUE;valide;;369
102083;Lamell횄짤-coll횄짤 횄짤pic횄짤a GL24H trait횄짤 CL2 incolore 45X300 mm L.13.00 m;45.0;300.0;13.0;GL24h;INCONNU;MAT_f0f56516;45x300 GL24h L=13.0m;True;True;MAYR-MELNHOF HOLZ WISMAR GMBH;valide;;436
102097;Bardage Cedral Lap relief gris schiste C18 10X160 mm L.3.60 m;10.0;160.0;3.6;C18;INCONNU;MAT_00d8dde4;10x160 C18 L=3.6m;True;True;ORCAB ETERNIT;valide;;446
102346;Lamell횄짤-coll횄짤 횄짤pic횄짤a GL24H trait횄짤 CL2 incolore 45X360 mm L.13.00 m;45.0;360.0;13.0;GL24h;INCONNU;MAT_62c727df;45x360 GL24h L=13.0m;True;True;MAYR-MELNHOF HOLZ WISMAR GMBH;valide;;543
102573;Bois de charpente C24 횄짤pic횄짤a non sec trait횄짤 CL2 incolore 75X300mm L.7.20 m;75.0;300.0;7.2;C24;INCONNU;MAT_49f8d3f2;75x300 C24 L=7.2m;True;True;ISB FRANCE AGENCE SINBPLA;valide;;649
103414;Bois d'ossature 횄짤picea C24 trait횄짤 CL2 incolore 45X145 mm L.6.00 m vendu 횄혻 la palette;45.0;145.0;6.0;C24;INCONNU;MAT_0099110a;45x145 C24 L=6.0m;True;True;FRUYTIER GROUP PURCHASE;valide;;1074
103746;Bois de charpente C24 횄짤pic횄짤a sec trait횄짤 CL2 incolore 38X200mm L.2.70 m;38.0;200.0;2.7;C24;INCONNU;MAT_05cdedae;38x200 C24 L=2.7m;True;True;NO MARQUE;valide;;1206
103747;Bois de charpente C24 횄짤pic횄짤a sec trait횄짤 CL2 incolore 38X200mm L.3.00 m;38.0;200.0;3.0;C24;INCONNU;MAT_c3019ab7;38x200 C24 L=3.0m;True;True;NO MARQUE;valide;;1207
103748;Bois de charpente C24 횄짤pic횄짤a sec trait횄짤 CL2 incolore 38X200mm L.3.30 m;38.0;200.0;3.3;C24;INCONNU;MAT_f3e0eac5;38x200 C24 L=3.3m;True;True;NO MARQUE;valide;;1208
103749;Bois de charpente C24 횄짤pic횄짤a sec trait횄짤 CL2 incolore 38X200mm L.3.60 m;38.0;200.0;3.6;C24;INCONNU;MAT_2b013bb4;38x200 C24 L=3.6m;True;True;NO MARQUE;valide;;1209
103750;Bois de charpente C24 횄짤pic횄짤a sec trait횄짤 CL2 incolore 38X200mm L.3.90 m;38.0;200.0;3.9;C24;INCONNU;MAT_2349d6bd;38x200 C24 L=3.9m;True;True;NO MARQUE;valide;;1210
103751;Bois de charpente C24 횄짤pic횄짤a sec trait횄짤 CL2 incolore 38X200mm L.4.20 m;38.0;200.0;4.2;C24;INCONNU;MAT_aede142b;38x200 C24 L=4.2m;True;True;NO MARQUE;valide;;1211
103752;Bois de charpente C24 횄짤pic횄짤a sec trait횄짤 CL2 incolore 38X200mm L.4.50 m;38.0;200.0;4.5;C24;INCONNU;MAT_ecfd4c5f;38x200 C24 L=4.5m;True;True;NO MARQUE;valide;;1212
103753;Bois de charpente C24 횄짤pic횄짤a sec trait횄짤 CL2 incolore 38X200mm L.4.80 m;38.0;200.0;4.8;C24;INCONNU;MAT_aff581b7;38x200 C24 L=4.8m;True;True;NO MARQUE;valide;;1213
103754;Bois de charpente C24 횄짤pic횄짤a sec trait횄짤 CL2 incolore 38X200mm L.5.10 m;38.0;200.0;5.1;C24;INCONNU;MAT_7f4fd05b;38x200 C24 L=5.1m;True;True;NO MARQUE;valide;;1214
103755;Bois de charpente C24 횄짤pic횄짤a sec trait횄짤 CL2 incolore 38X200mm L.5.40 m;38.0;200.0;5.4;C24;INCONNU;MAT_dcc8f6ac;38x200 C24 L=5.4m;True;True;NO MARQUE;valide;;1215
103756;Bois de charpente C24 횄짤pic횄짤a sec trait횄짤 CL2 incolore 38X200mm L.5.70 m;38.0;200.0;5.7;C24;INCONNU;MAT_a4b39cbb;38x200 C24 L=5.7m;True;True;NO MARQUE;valide;;1216
103757;Bois de charpente C24 횄짤pic횄짤a sec trait횄짤 CL2 incolore 38X200mm L.6.00 m;38.0;200.0;6.0;C24;INCONNU;MAT_e9cd8d0a;38x200 C24 L=6.0m;True;True;NO MARQUE;valide;;1217
103758;Bois de charpente C24 횄짤pic횄짤a non sec trait횄짤 CL2 incolore 38X200mm L.6.50 m;38.0;200.0;6.5;C24;INCONNU;MAT_3b86697c;38x200 C24 L=6.5m;True;True;NO MARQUE;valide;;1218
103759;Bois de charpente C24 횄짤pic횄짤a non sec trait횄짤 CL2 incolore 38X200mm L.7.00 m;38.0;200.0;7.0;C24;INCONNU;MAT_0ba78810;38x200 C24 L=7.0m;True;True;NO MARQUE;valide;;1219
103760;Bois de charpente C24 횄짤pic횄짤a non sec trait횄짤 CL2 incolore 38X200mm L.8.00 m;38.0;200.0;8.0;C24;INCONNU;MAT_8bac6fe6;38x200 C24 L=8.0m;True;True;NO MARQUE;valide;;1220
103762;Bois de charpente C24 횄짤pic횄짤a sec trait횄짤 CL2 incolore 38X225mm L.3.00 m;38.0;225.0;3.0;C24;INCONNU;MAT_3f8e922e;38x225 C24 L=3.0m;True;True;NO MARQUE;valide;;1221
103763;Bois de charpente C24 횄짤pic횄짤a sec trait횄짤 CL2 incolore 38X225mm L.3.30 m;38.0;225.0;3.3;C24;INCONNU;MAT_463c3b46;38x225 C24 L=3.3m;True;True;NO MARQUE;valide;;1222
103764;Bois de charpente C24 횄짤pic횄짤a sec trait횄짤 CL2 incolore 38X225mm L.3.60 m;38.0;225.0;3.6;C24;INCONNU;MAT_87d04de8;38x225 C24 L=3.6m;True;True;NO MARQUE;valide;;1223
103765;Bois de charpente C24 횄짤pic횄짤a sec trait횄짤 CL2 incolore 38X225mm L.3.90 m;38.0;225.0;3.9;C24;INCONNU;MAT_da3e752c;38x225 C24 L=3.9m;True;True;NO MARQUE;valide;;1224
103766;Bois de charpente C24 횄짤pic횄짤a sec trait횄짤 CL2 incolore 38X225mm L.4.20 m;38.0;225.0;4.2;C24;INCONNU;MAT_a00c8040;38x225 C24 L=4.2m;True;True;NO MARQUE;valide;;1225
103767;Bois de charpente C24 횄짤pic횄짤a sec trait횄짤 CL2 incolore 38X225mm L.4.50 m;38.0;225.0;4.5;C24;INCONNU;MAT_a3c54c69;38x225 C24 L=4.5m;True;True;NO MARQUE;valide;;1226
103768;Bois de charpente C24 횄짤pic횄짤a sec trait횄짤 CL2 incolore 38X225mm L.4.80 m;38.0;225.0;4.8;C24;INCONNU;MAT_b9c609db;38x225 C24 L=4.8m;True;True;NO MARQUE;valide;;1227
103769;Bois de charpente C24 횄짤pic횄짤a sec trait횄짤 CL2 incolore 38X225mm L.5.10 m;38.0;225.0;5.1;C24;INCONNU;MAT_8e971be1;38x225 C24 L=5.1m;True;True;NO MARQUE;valide;;1228
103770;Bois de charpente C24 횄짤pic횄짤a sec trait횄짤 CL2 incolore 38X225mm L.5.40 m;38.0;225.0;5.4;C24;INCONNU;MAT_fe738fc0;38x225 C24 L=5.4m;True;True;NO MARQUE;valide;;1229
103771;Bois de charpente C24 횄짤pic횄짤a sec trait횄짤 CL2 incolore 38X225mm L.5.70 m;38.0;225.0;5.7;C24;INCONNU;MAT_a918a319;38x225 C24 L=5.7m;True;True;NO MARQUE;valide;;1230
103772;Bois de charpente C24 횄짤pic횄짤a sec trait횄짤 CL2 incolore 38X225mm L.6.00 m;38.0;225.0;6.0;C24;INCONNU;MAT_ea8906ca;38x225 C24 L=6.0m;True;True;NO MARQUE;valide;;1231
103782;Bois de charpente C24 횄짤pic횄짤a sec trait횄짤 CL2 incolore 38X300mm L.5.40 m;38.0;300.0;5.4;C24;INCONNU;MAT_5708206f;38x300 C24 L=5.4m;True;True;NO MARQUE;valide;;1232
103784;Bois de charpente C24 횄짤pic횄짤a sec trait횄짤 CL2 incolore 50X150 mm L.3.00 m;50.0;150.0;3.0;C24;INCONNU;MAT_26a0524a;50x150 C24 L=3.0m;True;True;NO MARQUE;valide;;1233
103785;Bois de charpente C24 횄짤pic횄짤a sec trait횄짤 CL2 incolore 50X150 mm L.3.30 m;50.0;150.0;3.3;C24;INCONNU;MAT_88affbe0;50x150 C24 L=3.3m;True;True;NO MARQUE;valide;;1234
103786;Bois de charpente C24 횄짤pic횄짤a sec trait횄짤 CL2 incolore 50X150 mm L.3.60 m;50.0;150.0;3.6;C24;INCONNU;MAT_2a9a7f70;50x150 C24 L=3.6m;True;True;NO MARQUE;valide;;1235
103787;Bois de charpente C24 횄짤pic횄짤a sec trait횄짤 CL2 incolore 50X150 mm L.3.90 m;50.0;150.0;3.9;C24;INCONNU;MAT_6f3afebb;50x150 C24 L=3.9m;True;True;NO MARQUE;valide;;1236
103788;Bois de charpente C24 횄짤pic횄짤a sec trait횄짤 CL2 incolore 50X150 mm L.4.20 m;50.0;150.0;4.2;C24;INCONNU;MAT_065aa3ee;50x150 C24 L=4.2m;True;True;NO MARQUE;valide;;1237
103789;Bois de charpente C24 횄짤pic횄짤a sec trait횄짤 CL2 incolore 50X150 mm L.4.50 m;50.0;150.0;4.5;C24;INCONNU;MAT_b12851a2;50x150 C24 L=4.5m;True;True;NO MARQUE;valide;;1238
103790;Bois de charpente C24 횄짤pic횄짤a sec trait횄짤 CL2 incolore 50X150 mm L.4.80 m;50.0;150.0;4.8;C24;INCONNU;MAT_189c6e6d;50x150 C24 L=4.8m;True;True;NO MARQUE;valide;;1239
103791;Bois de charpente C24 횄짤pic횄짤a sec trait횄짤 CL2 incolore 50X150 mm L.5.10 m;50.0;150.0;5.1;C24;INCONNU;MAT_da9af91a;50x150 C24 L=5.1m;True;True;NO MARQUE;valide;;1240
103792;Bois de charpente C24 횄짤pic횄짤a sec trait횄짤 CL2 incolore 50X150 mm L.5.40 m;50.0;150.0;5.4;C24;INCONNU;MAT_ebb9564f;50x150 C24 L=5.4m;True;True;NO MARQUE;valide;;1241
103793;Bois de charpente C24 횄짤pic횄짤a sec trait횄짤 CL2 incolore 50X150 mm L.5.70 m;50.0;150.0;5.7;C24;INCONNU;MAT_281f234f;50x150 C24 L=5.7m;True;True;NO MARQUE;valide;;1242
103794;Bois de charpente C24 횄짤pic횄짤a sec trait횄짤 CL2 incolore 50X150 mm L.6.00 m;50.0;150.0;6.0;C24;INCONNU;MAT_d5267100;50x150 C24 L=6.0m;True;True;NO MARQUE;valide;;1243
103796;Bois de charpente C24 횄짤pic횄짤a sec trait횄짤 CL2 incolore 63X175mm L.3.00 m;63.0;175.0;3.0;C24;INCONNU;MAT_96b3ed1b;63x175 C24 L=3.0m;True;True;NO MARQUE;valide;;1244
103797;Bois de charpente C24 횄짤pic횄짤a sec trait횄짤 CL2 incolore 63X175mm L.3.30 m;63.0;175.0;3.3;C24;INCONNU;MAT_48835087;63x175 C24 L=3.3m;True;True;NO MARQUE;valide;;1245
103798;Bois de charpente C24 횄짤pic횄짤a sec trait횄짤 CL2 incolore 63X175mm L.3.60 m;63.0;175.0;3.6;C24;INCONNU;MAT_ef9c7d3d;63x175 C24 L=3.6m;True;True;NO MARQUE;valide;;1246
103799;Bois de charpente C24 횄짤pic횄짤a sec trait횄짤 CL2 incolore 63X175mm L.3.90 m;63.0;175.0;3.9;C24;INCONNU;MAT_235d0ee3;63x175 C24 L=3.9m;True;True;NO MARQUE;valide;;1247
103800;Bois de charpente C24 횄짤pic횄짤a sec trait횄짤 CL2 incolore 63X175mm L.4.20 m;63.0;175.0;4.2;C24;INCONNU;MAT_440bff0a;63x175 C24 L=4.2m;True;True;NO MARQUE;valide;;1248
103801;Bois de charpente C24 횄짤pic횄짤a sec trait횄짤 CL2 incolore 63X175mm L.4.50 m;63.0;175.0;4.5;C24;INCONNU;MAT_c2dfc37f;63x175 C24 L=4.5m;True;True;NO MARQUE;valide;;1249
103802;Bois de charpente C24 횄짤pic횄짤a sec trait횄짤 CL2 incolore 63X175mm L.4.80 m;63.0;175.0;4.8;C24;INCONNU;MAT_91d88811;63x175 C24 L=4.8m;True;True;NO MARQUE;valide;;1250
103803;Bois de charpente C24 횄짤pic횄짤a sec trait횄짤 CL2 incolore 63X175mm L.5.10 m;63.0;175.0;5.1;C24;INCONNU;MAT_93e99f45;63x175 C24 L=5.1m;True;True;NO MARQUE;valide;;1251
103804;Bois de charpente C24 횄짤pic횄짤a sec trait횄짤 CL2 incolore 63X175mm L.5.40 m;63.0;175.0;5.4;C24;INCONNU;MAT_9ff50609;63x175 C24 L=5.4m;True;True;NO MARQUE;valide;;1252
103806;Bois de charpente C24 횄짤pic횄짤a sec trait횄짤 CL2 incolore 63X175mm L.6.00 m;63.0;175.0;6.0;C24;INCONNU;MAT_3bffea3f;63x175 C24 L=6.0m;True;True;NO MARQUE;valide;;1253
103807;Bois de charpente C24 횄짤pic횄짤a non sec trait횄짤 CL2 incolore 63X175mm L.6.50 m;63.0;175.0;6.5;C24;INCONNU;MAT_6d059032;63x175 C24 L=6.5m;True;True;NO MARQUE;valide;;1254
103811;Bois de charpente C24 횄짤pic횄짤a sec trait횄짤 CL2 incolore 75X200mm L.3.00 m;75.0;200.0;3.0;C24;INCONNU;MAT_9ed22d71;75x200 C24 L=3.0m;True;True;NO MARQUE;valide;;1255
103812;Bois de charpente C24 횄짤pic횄짤a sec trait횄짤 CL2 incolore 75X200mm L.3.30 m;75.0;200.0;3.3;C24;INCONNU;MAT_bddd4a1b;75x200 C24 L=3.3m;True;True;NO MARQUE;valide;;1256
103813;Bois de charpente C24 횄짤pic횄짤a sec trait횄짤 CL2 incolore 75X200mm L.3.60 m;75.0;200.0;3.6;C24;INCONNU;MAT_4487378e;75x200 C24 L=3.6m;True;True;NO MARQUE;valide;;1257
103814;Bois de charpente C24 횄짤pic횄짤a sec trait횄짤 CL2 incolore 75X200mm L.3.90 m;75.0;200.0;3.9;C24;INCONNU;MAT_c87ca038;75x200 C24 L=3.9m;True;True;NO MARQUE;valide;;1258
103816;Bois de charpente C24 횄짤pic횄짤a sec trait횄짤 CL2 incolore 75X200mm L.4.50 m;75.0;200.0;4.5;C24;INCONNU;MAT_d2208e2e;75x200 C24 L=4.5m;True;True;NO MARQUE;valide;;1259
103817;Bois de charpente C24 횄짤pic횄짤a sec trait횄짤 CL2 incolore 75X200mm L.4.80 m;75.0;200.0;4.8;C24;INCONNU;MAT_d3b8a571;75x200 C24 L=4.8m;True;True;NO MARQUE;valide;;1260
103818;Bois de charpente C24 횄짤pic횄짤a sec trait횄짤 CL2 incolore 75X200mm L.5.10 m;75.0;200.0;5.1;C24;INCONNU;MAT_7527b112;75x200 C24 L=5.1m;True;True;NO MARQUE;valide;;1261
103819;Bois de charpente C24 횄짤pic횄짤a sec trait횄짤 CL2 incolore 75X200mm L.5.40 m;75.0;200.0;5.4;C24;INCONNU;MAT_a1f2b576;75x200 C24 L=5.4m;True;True;NO MARQUE;valide;;1262
103820;Bois de charpente C24 횄짤pic횄짤a sec trait횄짤 CL2 incolore 75X200mm L.5.70 m;75.0;200.0;5.7;C24;INCONNU;MAT_d0737c14;75x200 C24 L=5.7m;True;True;NO MARQUE;valide;;1263
103821;Bois de charpente C24 횄짤pic횄짤a sec trait횄짤 CL2 incolore 75X200mm L.6.00 m;75.0;200.0;6.0;C24;INCONNU;MAT_6965ec6a;75x200 C24 L=6.0m;True;True;NO MARQUE;valide;;1264
103822;Bois de charpente C24 횄짤pic횄짤a non sec trait횄짤 CL2 incolore 75X200mm L.6.50 m;75.0;200.0;6.5;C24;INCONNU;MAT_945e808c;75x200 C24 L=6.5m;True;True;NO MARQUE;valide;;1265
103823;Bois de charpente C24 횄짤pic횄짤a non sec trait횄짤 CL2 incolore 75X200mm L.7.00 m;75.0;200.0;7.0;C24;INCONNU;MAT_67f6fbbd;75x200 C24 L=7.0m;True;True;NO MARQUE;valide;;1266
103824;Bois de charpente C24 횄짤pic횄짤a non sec trait횄짤 CL2 incolore 75X200mm L.7.50 m;75.0;200.0;7.5;C24;INCONNU;MAT_e5027c38;75x200 C24 L=7.5m;True;True;NO MARQUE;valide;;1267
103825;Bois de charpente C24 횄짤pic횄짤a non sec trait횄짤 CL2 incolore 75X200mm L.8.00 m;75.0;200.0;8.0;C24;INCONNU;MAT_4e5f6cee;75x200 C24 L=8.0m;True;True;NO MARQUE;valide;;1268
103827;Bois de charpente C24 횄짤pic횄짤a sec trait횄짤 CL2 incolore 75X225mm L.3.00 m;75.0;225.0;3.0;C24;INCONNU;MAT_4af6d6fb;75x225 C24 L=3.0m;True;True;NO MARQUE;valide;;1269
103828;Bois de charpente C24 횄짤pic횄짤a sec trait횄짤 CL2 incolore 75X225mm L.3.30 m;75.0;225.0;3.3;C24;INCONNU;MAT_cd44ac45;75x225 C24 L=3.3m;True;True;NO MARQUE;valide;;1270
103829;Bois de charpente C24 횄짤pic횄짤a sec trait횄짤 CL2 incolore 75X225mm L.3.60 m;75.0;225.0;3.6;C24;INCONNU;MAT_03cc133d;75x225 C24 L=3.6m;True;True;NO MARQUE;valide;;1271
103830;Bois de charpente C24 횄짤pic횄짤a sec trait횄짤 CL2 incolore 75X225mm L.3.90 m;75.0;225.0;3.9;C24;INCONNU;MAT_36ad7bc6;75x225 C24 L=3.9m;True;True;NO MARQUE;valide;;1272
103831;Bois de charpente C24 횄짤pic횄짤a sec trait횄짤 CL2 incolore 75X225mm L.4.20 m;75.0;225.0;4.2;C24;INCONNU;MAT_da52e5bb;75x225 C24 L=4.2m;True;True;NO MARQUE;valide;;1273
103832;Bois de charpente C24 횄짤pic횄짤a sec trait횄짤 CL2 incolore 75X225mm L.4.50 m;75.0;225.0;4.5;C24;INCONNU;MAT_3fa0b59f;75x225 C24 L=4.5m;True;True;NO MARQUE;valide;;1274
103833;Bois de charpente C24 횄짤pic횄짤a sec trait횄짤 CL2 incolore 75X225mm L.4.80 m;75.0;225.0;4.8;C24;INCONNU;MAT_c61125d3;75x225 C24 L=4.8m;True;True;NO MARQUE;valide;;1275
103834;Bois de charpente C24 횄짤pic횄짤a sec trait횄짤 CL2 incolore 75X225mm L.5.10 m;75.0;225.0;5.1;C24;INCONNU;MAT_0eac47a0;75x225 C24 L=5.1m;True;True;NO MARQUE;valide;;1276
103835;Bois de charpente C24 횄짤pic횄짤a sec trait횄짤 CL2 incolore 75X225mm L.5.40 m;75.0;225.0;5.4;C24;INCONNU;MAT_870d3b39;75x225 C24 L=5.4m;True;True;NO MARQUE;valide;;1277
103836;Bois de charpente C24 횄짤pic횄짤a sec trait횄짤 CL2 incolore 75X225mm L.5.70 m;75.0;225.0;5.7;C24;INCONNU;MAT_ae2c8585;75x225 C24 L=5.7m;True;True;NO MARQUE;valide;;1278
103837;Bois de charpente C24 횄짤pic횄짤a sec trait횄짤 CL2 incolore 75X225mm L.6.00 m;75.0;225.0;6.0;C24;INCONNU;MAT_39f8c3e9;75x225 C24 L=6.0m;True;True;NO MARQUE;valide;;1279
103838;Bois de charpente C24 횄짤pic횄짤a non sec trait횄짤 CL2 incolore 75X225mm L.6.50 m;75.0;225.0;6.5;C24;INCONNU;MAT_51c1be77;75x225 C24 L=6.5m;True;True;NO MARQUE;valide;;1280
103840;Bois de charpente C24 횄짤pic횄짤a non sec trait횄짤 CL2 incolore 75X225mm L.7.50 m;75.0;225.0;7.5;C24;INCONNU;MAT_4f45c794;75x225 C24 L=7.5m;True;True;NO MARQUE;valide;;1281
103841;Bois de charpente C24 횄짤pic횄짤a non sec trait횄짤 CL2 incolore 75X225mm L.8.00 m;75.0;225.0;8.0;C24;INCONNU;MAT_41ed7111;75x225 C24 L=8.0m;True;True;NO MARQUE;valide;;1282
103845;Bois de charpente C24 횄짤pic횄짤a sec trait횄짤 CL2 incolore 75X250mm L.4.80 m;75.0;250.0;4.8;C24;INCONNU;MAT_e7dedc07;75x250 C24 L=4.8m;True;True;NO MARQUE;valide;;1283
103846;Bois de charpente C24 횄짤pic횄짤a sec trait횄짤 CL2 incolore 75X250mm L.5.10 m;75.0;250.0;5.1;C24;INCONNU;MAT_b5537511;75x250 C24 L=5.1m;True;True;NO MARQUE;valide;;1284
103847;Bois de charpente C24 횄짤pic횄짤a sec trait횄짤 CL2 incolore 75X250mm L.6.00 m;75.0;250.0;6.0;C24;INCONNU;MAT_485c80c3;75x250 C24 L=6.0m;True;True;NO MARQUE;valide;;1285
103848;Bois de charpente C24 횄짤pic횄짤a sec trait횄짤 CL2 incolore 75X250mm L.6.00 m;75.0;250.0;6.6;C24;INCONNU;MAT_aaddc077;75x250 C24 L=6.6m;True;True;NO MARQUE;valide;;1286
103849;Bois de charpente C24 횄짤pic횄짤a non sec trait횄짤 CL2 incolore 75X250mm L.7.20 m;75.0;250.0;7.2;C24;INCONNU;MAT_51eb587e;75x250 C24 L=7.2m;True;True;NO MARQUE;valide;;1287
103850;Bois de charpente C24 횄짤pic횄짤a sec trait횄짤 CL2 incolore 75X300 mm L.3.90 m;75.0;300.0;3.9;C24;INCONNU;MAT_5fbb0831;75x300 C24 L=3.9m;True;True;NO MARQUE;valide;;1288
103851;Bois de charpente C24 횄짤pic횄짤a sec trait횄짤 CL2 incolore 75X300 mm L.4.20 m;75.0;300.0;4.2;C24;INCONNU;MAT_627c8d44;75x300 C24 L=4.2m;True;True;NO MARQUE;valide;;1289
103852;Bois de charpente C24 횄짤pic횄짤a sec trait횄짤 CL2 incolore 75X300mm L.4.50 m;75.0;300.0;4.5;C24;INCONNU;MAT_3a99fa80;75x300 C24 L=4.5m;True;True;NO MARQUE;valide;;1290
103853;Bois de charpente C24 횄짤pic횄짤a sec trait횄짤 CL2 incolore 75X300mm L.4.80 m;75.0;300.0;4.8;C24;INCONNU;MAT_7f617838;75x300 C24 L=4.8m;True;True;NO MARQUE;valide;;1291
103854;Bois de charpente C24 횄짤pic횄짤a sec trait횄짤 CL2 incolore 75X300mm L.5.10 m;75.0;300.0;5.1;C24;INCONNU;MAT_6019b897;75x300 C24 L=5.1m;True;True;NO MARQUE;valide;;1292
103855;Bois de charpente C24 횄짤pic횄짤a sec trait횄짤 CL2 incolore 75X300mm L.5.40 m;75.0;300.0;5.4;C24;INCONNU;MAT_2d4bf6e8;75x300 C24 L=5.4m;True;True;NO MARQUE;valide;;1293
103856;Bois de charpente C24 횄짤pic횄짤a sec trait횄짤 CL2 incolore 75X300 mm L.5.70 m;75.0;300.0;5.7;C24;INCONNU;MAT_fb48bb61;75x300 C24 L=5.7m;True;True;NO MARQUE;valide;;1294
103901;Lamell횄짤-coll횄짤 횄짤pic횄짤a GL24H trait횄짤 CL2 incolore 80X280 mm L.4.50 m;80.0;280.0;4.5;GL24h;INCONNU;MAT_5236cfb2;80x280 GL24h L=4.5m;True;True;NO MARQUE;valide;;1319
103902;Lamell횄짤-coll횄짤 횄짤pic횄짤a GL24H trait횄짤 CL2 incolore 80X280 mm L.6.50 m;80.0;280.0;6.5;GL24h;INCONNU;MAT_35fd3e63;80x280 GL24h L=6.5m;True;True;NO MARQUE;valide;;1320
103903;Lamell횄짤-coll횄짤 횄짤pic횄짤a GL24H trait횄짤 CL2 incolore 80X280 mm L.9.00 m;80.0;280.0;9.0;GL24h;INCONNU;MAT_9ef4c18f;80x280 GL24h L=9.0m;True;True;NO MARQUE;valide;;1321
103904;Lamell횄짤-coll횄짤 횄짤pic횄짤a GL24H trait횄짤 CL2 incolore 80X280 mm L.13.00 m;80.0;280.0;13.0;GL24h;INCONNU;MAT_e094e3c4;80x280 GL24h L=13.0m;True;True;NO MARQUE;valide;;1322
103905;Lamell횄짤-coll횄짤 횄짤pic횄짤a GL24H trait횄짤 CL2 incolore 80X360 mm L.4.50 m;80.0;360.0;4.5;GL24h;INCONNU;MAT_57724490;80x360 GL24h L=4.5m;True;True;NO MARQUE;valide;;1323
103906;Lamell횄짤-coll횄짤 횄짤pic횄짤a GL24H trait횄짤 CL2 incolore 80X360 mm L.6.50 m;80.0;360.0;6.5;GL24h;INCONNU;MAT_24941d13;80x360 GL24h L=6.5m;True;True;NO MARQUE;valide;;1324
103907;Lamell횄짤-coll횄짤 횄짤pic횄짤a GL24H trait횄짤 CL2 incolore 80X360 mm L.9.00 m;80.0;360.0;9.0;GL24h;INCONNU;MAT_fe343f61;80x360 GL24h L=9.0m;True;True;NO MARQUE;valide;;1325
103908;Lamell횄짤-coll횄짤 횄짤pic횄짤a GL24H trait횄짤 CL2 incolore 80X360 mm L.13.00 m;80.0;360.0;13.0;GL24h;INCONNU;MAT_33345bbf;80x360 GL24h L=13.0m;True;True;NO MARQUE;valide;;1326
103909;Lamell횄짤-coll횄짤 횄짤pic횄짤a GL24H trait횄짤 CL2 incolore 90X225 mm L.4.50 m;90.0;225.0;4.5;GL24h;INCONNU;MAT_5e69eb3e;90x225 GL24h L=4.5m;True;True;NO MARQUE;valide;;1327
103910;Lamell횄짤-coll횄짤 횄짤pic횄짤a GL24H trait횄짤 CL2 incolore 90X225 mm L.6.50 m;90.0;225.0;6.5;GL24h;INCONNU;MAT_4a032aeb;90x225 GL24h L=6.5m;True;True;NO MARQUE;valide;;1328
103911;Lamell횄짤-coll횄짤 횄짤pic횄짤a GL24H trait횄짤 CL2 incolore 90X225 mm L.9.00 m;90.0;225.0;9.0;GL24h;INCONNU;MAT_2a64bb34;90x225 GL24h L=9.0m;True;True;NO MARQUE;valide;;1329
103912;Lamell횄짤-coll횄짤 횄짤pic횄짤a GL24H trait횄짤 CL2 incolore 90X225 mm L.13.00 m;90.0;225.0;13.0;GL24h;INCONNU;MAT_6fa208a8;90x225 GL24h L=13.0m;True;True;NO MARQUE;valide;;1330
103913;Lamell횄짤-coll횄짤 횄짤pic횄짤a GL24H trait횄짤 CL2 incolore 100X320 mm L.4.50 m;100.0;320.0;4.5;GL24h;INCONNU;MAT_33ac0cd8;100x320 GL24h L=4.5m;True;True;NO MARQUE;valide;;1331
103914;Lamell횄짤-coll횄짤 횄짤pic횄짤a GL24H trait횄짤 CL2 incolore 100X320 mm L.6.50 m;100.0;320.0;6.5;GL24h;INCONNU;MAT_845f59f2;100x320 GL24h L=6.5m;True;True;NO MARQUE;valide;;1332
103915;Lamell횄짤-coll횄짤 횄짤pic횄짤a GL24H trait횄짤 CL2 incolore 100X320 mm L.9.00 m;100.0;320.0;9.0;GL24h;INCONNU;MAT_54227f32;100x320 GL24h L=9.0m;True;True;NO MARQUE;valide;;1333
103916;Lamell횄짤-coll횄짤 횄짤pic횄짤a GL24H trait횄짤 CL2 incolore 100X320 mm L.13.00 m;100.0;320.0;13.0;GL24h;INCONNU;MAT_7e4b8971;100x320 GL24h L=13.0m;True;True;NO MARQUE;valide;;1334
103917;Lamell횄짤-coll횄짤 횄짤pic횄짤a GL24H trait횄짤 CL2 incolore 100X360 mm L.4.50 m;100.0;360.0;4.5;GL24h;INCONNU;MAT_9256d472;100x360 GL24h L=4.5m;True;True;NO MARQUE;valide;;1335
103918;Lamell횄짤-coll횄짤 횄짤pic횄짤a GL24H trait횄짤 CL2 incolore 100X360 mm L.6.50 m;100.0;360.0;6.5;GL24h;INCONNU;MAT_572dcb01;100x360 GL24h L=6.5m;True;True;NO MARQUE;valide;;1336
103919;Lamell횄짤-coll횄짤 횄짤pic횄짤a GL24H trait횄짤 CL2 incolore 100X360 mm L.9.00 m;100.0;360.0;9.0;GL24h;INCONNU;MAT_7823fa09;100x360 GL24h L=9.0m;True;True;NO MARQUE;valide;;1337
103920;Lamell횄짤-coll횄짤 횄짤pic횄짤a GL24H trait횄짤 CL2 incolore 100X360 mm L.13.00 m;100.0;360.0;13.0;GL24h;INCONNU;MAT_3d1c434a;100x360 GL24h L=13.0m;True;True;NO MARQUE;valide;;1338
103921;Lamell횄짤-coll횄짤 횄짤pic횄짤a GL24H trait횄짤 CL2 incolore 120X400 mm L.4.50 m;120.0;400.0;4.5;GL24h;INCONNU;MAT_ddb17bf5;120x400 GL24h L=4.5m;True;True;NO MARQUE;valide;;1339
103922;Lamell횄짤-coll횄짤 횄짤pic횄짤a GL24H trait횄짤 CL2 incolore 120X400 mm L.6.50 m;120.0;400.0;6.5;GL24h;INCONNU;MAT_ac0ba556;120x400 GL24h L=6.5m;True;True;NO MARQUE;valide;;1340
103923;Lamell횄짤-coll횄짤 횄짤pic횄짤a GL24H trait횄짤 CL2 incolore 120X400 mm L.9.00 m;120.0;400.0;9.0;GL24h;INCONNU;MAT_11acf265;120x400 GL24h L=9.0m;True;True;NO MARQUE;valide;;1341
103924;Lamell횄짤-coll횄짤 횄짤pic횄짤a GL24H trait횄짤 CL2 incolore 120X400 mm L.13.00 m;120.0;400.0;13.0;GL24h;INCONNU;MAT_fed62eed;120x400 GL24h L=13.0m;True;True;NO MARQUE;valide;;1342
103925;Lamell횄짤-coll횄짤 횄짤pic횄짤a GL24H trait횄짤 CL2 incolore 140X360 mm L.4.50 m;140.0;360.0;4.5;GL24h;INCONNU;MAT_426299b2;140x360 GL24h L=4.5m;True;True;NO MARQUE;valide;;1343
103926;Lamell횄짤-coll횄짤 횄짤pic횄짤a GL24H trait횄짤 CL2 incolore 140X360 mm L.6.50 m;140.0;360.0;6.5;GL24h;INCONNU;MAT_aa4b5396;140x360 GL24h L=6.5m;True;True;NO MARQUE;valide;;1344
103927;Lamell횄짤-coll횄짤 횄짤pic횄짤a GL24H trait횄짤 CL2 incolore 140X360 mm L.9.00 m;140.0;360.0;9.0;GL24h;INCONNU;MAT_c43e9aa1;140x360 GL24h L=9.0m;True;True;NO MARQUE;valide;;1345
103928;Lamell횄짤-coll횄짤 횄짤pic횄짤a GL24H trait횄짤 CL2 incolore 140X360 mm L.13.00 m;140.0;360.0;13.0;GL24h;INCONNU;MAT_054ee8e8;140x360 GL24h L=13.0m;True;True;NO MARQUE;valide;;1346
103929;Lamell횄짤-coll횄짤 횄짤pic횄짤a GL24H trait횄짤 CL2 incolore 140X480 mm L.4.50 m;140.0;480.0;4.5;GL24h;INCONNU;MAT_596ef8d1;140x480 GL24h L=4.5m;True;True;NO MARQUE;valide;;1347
103930;Lamell횄짤-coll횄짤 횄짤pic횄짤a GL24H trait횄짤 CL2 incolore 140X480 mm L.6.50 m;140.0;480.0;6.5;GL24h;INCONNU;MAT_defffdee;140x480 GL24h L=6.5m;True;True;NO MARQUE;valide;;1348
103931;Lamell횄짤-coll횄짤 횄짤pic횄짤a GL24H trait횄짤 CL2 incolore 140X480 mm L.9.00 m;140.0;480.0;9.0;GL24h;INCONNU;MAT_c6e5e538;140x480 GL24h L=9.0m;True;True;NO MARQUE;valide;;1349
103932;Lamell횄짤-coll횄짤 횄짤pic횄짤a GL24H trait횄짤 CL2 incolore 140X480 mm L.13.00 m;140.0;480.0;13.0;GL24h;INCONNU;MAT_726db26b;140x480 GL24h L=13.0m;True;True;NO MARQUE;valide;;1350
103949;Bois massif about횄짤 KVH 횄짤picea C24 invisible rabot횄짤 chanfrein횄짤 trait횄짤 CL2 incolore 45X145 mm L.6.50 m;45.0;145.0;6.5;C24;INCONNU;MAT_28dc08e6;45x145 C24 L=6.5m;True;True;NO MARQUE;valide;;1359
103950;Bois massif about횄짤 KVH 횄짤picea C24 invisible rabot횄짤 chanfrein횄짤 trait횄짤 CL2 incolore 45X145 mm L.13.00 m;45.0;145.0;13.0;C24;INCONNU;MAT_3a0da469;45x145 C24 L=13.0m;True;True;NO MARQUE;valide;;1360
103953;Bois d'ossature douglas C24 sec non trait횄짤 45X95 mm L.5.00 m;45.0;95.0;5.0;C24;INCONNU;MAT_e28c1311;45x95 C24 L=5.0m;True;True;NO MARQUE;valide;;1361
103954;Bois d'ossature douglas C24 sec non trait횄짤 45X95 mm L.6.00 m;45.0;95.0;6.0;C24;INCONNU;MAT_fbd8d59e;45x95 C24 L=6.0m;True;True;NO MARQUE;valide;;1362
103955;Bois d'ossature douglas C24 sec non trait횄짤 45X145 mm L.5.00 m;45.0;145.0;5.0;C24;INCONNU;MAT_910c54db;45x145 C24 L=5.0m;True;True;NO MARQUE;valide;;1363
103957;Bois d'ossature douglas C24 sec non trait횄짤 45X220 mm L.5.00 m;45.0;220.0;5.0;C24;INCONNU;MAT_e4e3684a;45x220 C24 L=5.0m;True;True;NO MARQUE;valide;;1364
103958;Bois d'ossature douglas C24 sec non trait횄짤 45X220 mm L.6.00 m;45.0;220.0;6.0;C24;INCONNU;MAT_1a6fa948;45x220 C24 L=6.0m;True;True;NO MARQUE;valide;;1365
104028;Bois d'ossature 횄짤pic횄짤a C24 trait횄짤 CL3 incolore 21x45 mm L.3.00 m;21.0;45.0;3.0;C24;INCONNU;MAT_9dd327e6;21x45 C24 L=3.0m;True;True;NO MARQUE;valide;;1388
104030;Bois d'ossature 횄짤pic횄짤a C24 trait횄짤 CL3 incolore 21x45 mm L.3.6 m;21.0;45.0;3.6;C24;INCONNU;MAT_c84b596b;21x45 C24 L=3.6m;True;True;NO MARQUE;valide;;1389
104031;Bois d'ossature 횄짤pic횄짤a C24 trait횄짤 CL3 incolore 21x45 mm L.3.9 m;21.0;45.0;3.9;C24;INCONNU;MAT_e0391084;21x45 C24 L=3.9m;True;True;NO MARQUE;valide;;1390
104033;Bois d'ossature 횄짤pic횄짤a C24 trait횄짤 CL3 incolore 27x45 mm L.3.00 m;27.0;45.0;3.0;C24;INCONNU;MAT_9b024955;27x45 C24 L=3.0m;True;True;NO MARQUE;valide;;1391
104251;Bois d'ossature 횄짤pic횄짤a C24 trait횄짤 CL3 incolore 21x45 mm L.2.7 m;21.0;45.0;2.7;C24;INCONNU;MAT_3ca243e7;21x45 C24 L=2.7m;True;True;NO MARQUE;valide;;1466
104255;Bois de charpente C24 횄짤pic횄짤a sec trait횄짤 CL2 incolore 63X175mm L.4.05 m;63.0;175.0;4.05;C24;INCONNU;MAT_abe05902;63x175 C24 L=4.05m;True;True;NO MARQUE;valide;;1467
104258;Bois d'ossature douglas C24 sec trait횄짤 CL2 incolore 45X220 mm L.5.50 m;45.0;220.0;5.5;C24;INCONNU;MAT_82025f40;45x220 C24 L=5.5m;True;True;NO MARQUE;valide;;1468
104259;Bois de charpente C24 횄짤pic횄짤a sec trait횄짤 CL2 incolore 38X300mm L.3.50 m;38.0;300.0;3.5;C24;INCONNU;MAT_5890dbcb;38x300 C24 L=3.5m;True;True;NO MARQUE;valide;;1469
104260;Bois de charpente C24 횄짤pic횄짤a sec trait횄짤 CL2 incolore 38X300mm L.4.00 m;38.0;300.0;4.0;C24;INCONNU;MAT_0e7cd2bd;38x300 C24 L=4.0m;True;True;NO MARQUE;valide;;1470
104263;Bois de charpente C24 횄짤pic횄짤a sec trait횄짤 CL2 incolore 75X250mm L.5.40 m;75.0;250.0;5.4;C24;INCONNU;MAT_aea4dc3f;75x250 C24 L=5.4m;True;True;NO MARQUE;valide;;1472
104285;Bois d'ossature douglas C24 sec trait횄짤 CL2 incolore 45X145 mm L.5.50 m;45.0;145.0;5.5;C24;INCONNU;MAT_dd0478fc;45x145 C24 L=5.5m;True;True;NO MARQUE;valide;;1493
104408;Bois de charpente C24 횄짤pic횄짤a sec trait횄짤 CL2 incolore 75X250mm L.4.20 m;75.0;250.0;4.2;C24;INCONNU;MAT_89b588a1;75x250 C24 L=4.2m;True;True;NO MARQUE;valide;;1546
104473;Bois de charpente C24 횄짤pic횄짤a sec trait횄짤 CL2 incolore 75X250mm L.5.70 m;75.0;250.0;5.7;C24;INCONNU;MAT_8aba941e;75x250 C24 L=5.7m;True;True;NO MARQUE;valide;;1599
104475;Bois de charpente C24 횄짤pic횄짤a sec trait횄짤 CL2 incolore 75x100mm L.2.70 m;75.0;100.0;2.7;C24;INCONNU;MAT_5254c376;75x100 C24 L=2.7m;True;True;NO MARQUE;valide;;1601
104780;Bois massif about횄짤 KVH douglas C24 KVH rabot횄짤 chanfrein횄짤 trait횄짤 CL2 incolore 45X220 mm L.13.00 m;45.0;220.0;13.0;C24;INCONNU;MAT_748238e9;45x220 C24 L=13.0m;True;True;PIVETEAU DURAPIN SCIERIE;valide;;1781
104914;Bois de charpente C24 횄짤pic횄짤a non sec trait횄짤 CL2 incolore 75x250mm L.6.50 m;75.0;250.0;6.5;C24;INCONNU;MAT_6a7f54ba;75x250 C24 L=6.5m;True;True;KARL STREIT GMBH & CO  KG;valide;;1870
